{"level":"info","message":"Blockchain connection initialized successfully","service":"blockchain-upi-backend","timestamp":"2025-08-25T16:22:52.563Z"}
{"level":"info","message":"Server running on port 5001","service":"blockchain-upi-backend","timestamp":"2025-08-25T16:22:52.564Z"}
{"level":"info","message":"Environment: development","service":"blockchain-upi-backend","timestamp":"2025-08-25T16:22:52.564Z"}
{"level":"info","message":"SIGINT received, shutting down gracefully","service":"blockchain-upi-backend","timestamp":"2025-08-25T16:23:37.399Z"}
{"level":"info","message":"Process terminated","service":"blockchain-upi-backend","timestamp":"2025-08-25T16:23:37.401Z"}
{"level":"info","message":"Blockchain connection initialized successfully","service":"blockchain-upi-backend","timestamp":"2025-08-25T16:23:47.079Z"}
{"level":"info","message":"Server running on port 5001","service":"blockchain-upi-backend","timestamp":"2025-08-25T16:23:47.081Z"}
{"level":"info","message":"Environment: development","service":"blockchain-upi-backend","timestamp":"2025-08-25T16:23:47.081Z"}
{"level":"info","message":"SIGTERM received, shutting down gracefully","service":"blockchain-upi-backend","timestamp":"2025-08-25T16:27:21.395Z"}
{"level":"info","message":"Process terminated","service":"blockchain-upi-backend","timestamp":"2025-08-25T16:27:21.396Z"}
{"level":"info","message":"Blockchain connection initialized successfully","service":"blockchain-upi-backend","timestamp":"2025-08-25T16:27:24.741Z"}
{"level":"info","message":"Server running on port 5001","service":"blockchain-upi-backend","timestamp":"2025-08-25T16:27:24.742Z"}
{"level":"info","message":"Environment: development","service":"blockchain-upi-backend","timestamp":"2025-08-25T16:27:24.742Z"}
{"level":"info","message":"SIGTERM received, shutting down gracefully","service":"blockchain-upi-backend","timestamp":"2025-08-25T16:27:53.316Z"}
{"level":"info","message":"Process terminated","service":"blockchain-upi-backend","timestamp":"2025-08-25T16:27:53.317Z"}
{"level":"info","message":"Blockchain connection initialized successfully","service":"blockchain-upi-backend","timestamp":"2025-08-25T16:27:55.430Z"}
{"level":"info","message":"Server running on port 5001","service":"blockchain-upi-backend","timestamp":"2025-08-25T16:27:55.431Z"}
{"level":"info","message":"Environment: development","service":"blockchain-upi-backend","timestamp":"2025-08-25T16:27:55.431Z"}
{"level":"info","message":"SIGTERM received, shutting down gracefully","service":"blockchain-upi-backend","timestamp":"2025-08-25T16:28:17.890Z"}
{"level":"info","message":"Process terminated","service":"blockchain-upi-backend","timestamp":"2025-08-25T16:28:17.891Z"}
{"level":"info","message":"Blockchain connection initialized successfully","service":"blockchain-upi-backend","timestamp":"2025-08-25T16:28:20.014Z"}
{"level":"info","message":"Server running on port 5001","service":"blockchain-upi-backend","timestamp":"2025-08-25T16:28:20.015Z"}
{"level":"info","message":"Environment: development","service":"blockchain-upi-backend","timestamp":"2025-08-25T16:28:20.016Z"}
{"level":"info","message":"Client connected: 40NJ8EncVLb3No4tAAAB","service":"blockchain-upi-backend","timestamp":"2025-08-25T16:33:03.812Z"}
{"level":"info","message":"Client disconnected: 40NJ8EncVLb3No4tAAAB","service":"blockchain-upi-backend","timestamp":"2025-08-25T16:34:53.259Z"}
{"level":"info","message":"Client connected: rJn1yqsXX_ZXDtjoAAAE","service":"blockchain-upi-backend","timestamp":"2025-08-25T16:34:53.437Z"}
{"level":"info","message":"Client disconnected: rJn1yqsXX_ZXDtjoAAAE","service":"blockchain-upi-backend","timestamp":"2025-08-25T16:41:22.868Z"}
{"level":"info","message":"Client connected: NL8y3MJ8YTthy4XaAAAG","service":"blockchain-upi-backend","timestamp":"2025-08-25T16:43:07.600Z"}
{"level":"info","message":"Client NL8y3MJ8YTthy4XaAAAG joined admin room","service":"blockchain-upi-backend","timestamp":"2025-08-25T16:43:07.603Z"}
{"level":"info","message":"Client disconnected: NL8y3MJ8YTthy4XaAAAG","service":"blockchain-upi-backend","timestamp":"2025-08-25T16:43:07.703Z"}
{"level":"info","message":"SIGTERM received, shutting down gracefully","service":"blockchain-upi-backend","timestamp":"2025-08-25T16:46:07.656Z"}
{"level":"info","message":"Process terminated","service":"blockchain-upi-backend","timestamp":"2025-08-25T16:46:07.656Z"}
{"level":"info","message":"Blockchain connection initialized successfully","service":"blockchain-upi-backend","timestamp":"2025-08-25T16:46:09.853Z"}
{"level":"info","message":"Server running on port 5001","service":"blockchain-upi-backend","timestamp":"2025-08-25T16:46:09.854Z"}
{"level":"info","message":"Environment: development","service":"blockchain-upi-backend","timestamp":"2025-08-25T16:46:09.854Z"}
{"level":"info","message":"SIGTERM received, shutting down gracefully","service":"blockchain-upi-backend","timestamp":"2025-08-25T16:47:29.366Z"}
{"level":"info","message":"Process terminated","service":"blockchain-upi-backend","timestamp":"2025-08-25T16:47:29.366Z"}
{"level":"info","message":"Blockchain connection initialized successfully","service":"blockchain-upi-backend","timestamp":"2025-08-25T16:47:31.491Z"}
{"level":"info","message":"Server running on port 5001","service":"blockchain-upi-backend","timestamp":"2025-08-25T16:47:31.492Z"}
{"level":"info","message":"Environment: development","service":"blockchain-upi-backend","timestamp":"2025-08-25T16:47:31.493Z"}
{"level":"info","message":"Client connected: n25g3kbufrrfyCirAAAB","service":"blockchain-upi-backend","timestamp":"2025-08-25T16:49:12.267Z"}
{"level":"info","message":"Client disconnected: n25g3kbufrrfyCirAAAB","service":"blockchain-upi-backend","timestamp":"2025-08-25T16:49:12.270Z"}
{"level":"info","message":"Client connected: Nx_vPeFBJa9_AkoyAAAD","service":"blockchain-upi-backend","timestamp":"2025-08-25T16:49:12.273Z"}
{"level":"info","message":"Client Nx_vPeFBJa9_AkoyAAAD joined admin room","service":"blockchain-upi-backend","timestamp":"2025-08-25T16:49:12.278Z"}
{"level":"info","message":"Client disconnected: Nx_vPeFBJa9_AkoyAAAD","service":"blockchain-upi-backend","timestamp":"2025-08-25T16:49:12.285Z"}
{"level":"info","message":"Client connected: AwrVitmZPHMhEfsKAAAG","service":"blockchain-upi-backend","timestamp":"2025-08-25T16:50:09.824Z"}
{"level":"info","message":"Client AwrVitmZPHMhEfsKAAAG joined admin room","service":"blockchain-upi-backend","timestamp":"2025-08-25T16:50:09.827Z"}
{"level":"info","message":"Client disconnected: AwrVitmZPHMhEfsKAAAG","service":"blockchain-upi-backend","timestamp":"2025-08-25T16:54:54.198Z"}
{"level":"info","message":"Client connected: 7FvIItFl-5pGAyLFAAAJ","service":"blockchain-upi-backend","timestamp":"2025-08-25T16:54:54.313Z"}
{"level":"info","message":"Client 7FvIItFl-5pGAyLFAAAJ joined admin room","service":"blockchain-upi-backend","timestamp":"2025-08-25T16:54:54.318Z"}
{"level":"info","message":"Client disconnected: 7FvIItFl-5pGAyLFAAAJ","service":"blockchain-upi-backend","timestamp":"2025-08-25T16:55:52.170Z"}
{"level":"info","message":"Client connected: fHJuYdDXs0I0YuGoAAAL","service":"blockchain-upi-backend","timestamp":"2025-08-25T16:55:52.342Z"}
{"level":"info","message":"Client fHJuYdDXs0I0YuGoAAAL joined admin room","service":"blockchain-upi-backend","timestamp":"2025-08-25T16:55:52.353Z"}
{"level":"info","message":"Client connected: yIK4vDWFY0k2vXa-AAAN","service":"blockchain-upi-backend","timestamp":"2025-08-25T16:55:52.362Z"}
{"level":"info","message":"Client yIK4vDWFY0k2vXa-AAAN joined admin room","service":"blockchain-upi-backend","timestamp":"2025-08-25T16:55:52.365Z"}
{"level":"info","message":"Client disconnected: fHJuYdDXs0I0YuGoAAAL","service":"blockchain-upi-backend","timestamp":"2025-08-25T16:55:52.454Z"}
{"level":"info","message":"Client disconnected: yIK4vDWFY0k2vXa-AAAN","service":"blockchain-upi-backend","timestamp":"2025-08-25T16:55:54.983Z"}
{"level":"info","message":"Client connected: HBtdzpHXmkh-vPsHAAAP","service":"blockchain-upi-backend","timestamp":"2025-08-25T16:55:55.074Z"}
{"level":"info","message":"Client HBtdzpHXmkh-vPsHAAAP joined admin room","service":"blockchain-upi-backend","timestamp":"2025-08-25T16:55:55.083Z"}
{"level":"info","message":"Client connected: DatWbumm8nBqKVo9AAAR","service":"blockchain-upi-backend","timestamp":"2025-08-25T16:55:55.108Z"}
{"level":"info","message":"Client DatWbumm8nBqKVo9AAAR joined admin room","service":"blockchain-upi-backend","timestamp":"2025-08-25T16:55:55.111Z"}
{"level":"info","message":"Client disconnected: HBtdzpHXmkh-vPsHAAAP","service":"blockchain-upi-backend","timestamp":"2025-08-25T16:55:55.187Z"}
{"level":"info","message":"SIGTERM received, shutting down gracefully","service":"blockchain-upi-backend","timestamp":"2025-08-25T16:56:29.369Z"}
{"level":"info","message":"Blockchain connection initialized successfully","service":"blockchain-upi-backend","timestamp":"2025-08-25T16:56:31.576Z"}
{"level":"info","message":"Server running on port 5001","service":"blockchain-upi-backend","timestamp":"2025-08-25T16:56:31.577Z"}
{"level":"info","message":"Environment: development","service":"blockchain-upi-backend","timestamp":"2025-08-25T16:56:31.577Z"}
{"level":"info","message":"SIGTERM received, shutting down gracefully","service":"blockchain-upi-backend","timestamp":"2025-08-25T16:56:57.860Z"}
{"level":"info","message":"SIGTERM received, shutting down gracefully","service":"blockchain-upi-backend","timestamp":"2025-08-25T16:56:57.860Z"}
{"level":"info","message":"Process terminated","service":"blockchain-upi-backend","timestamp":"2025-08-25T16:56:57.860Z"}
{"level":"info","message":"Blockchain connection initialized successfully","service":"blockchain-upi-backend","timestamp":"2025-08-25T16:56:59.987Z"}
{"level":"info","message":"Server running on port 5001","service":"blockchain-upi-backend","timestamp":"2025-08-25T16:56:59.988Z"}
{"level":"info","message":"Environment: development","service":"blockchain-upi-backend","timestamp":"2025-08-25T16:56:59.988Z"}
{"level":"info","message":"Client disconnected: DatWbumm8nBqKVo9AAAR","service":"blockchain-upi-backend","timestamp":"2025-08-25T17:02:42.019Z"}
{"level":"info","message":"Process terminated","service":"blockchain-upi-backend","timestamp":"2025-08-25T17:02:42.019Z"}
{"level":"info","message":"Process terminated","service":"blockchain-upi-backend","timestamp":"2025-08-25T17:02:42.019Z"}
{"level":"info","message":"Client connected: a8g2IhyDg8U3EfIRAAAB","service":"blockchain-upi-backend","timestamp":"2025-08-25T17:02:43.799Z"}
{"level":"info","message":"Client a8g2IhyDg8U3EfIRAAAB joined admin room","service":"blockchain-upi-backend","timestamp":"2025-08-25T17:02:43.805Z"}
{"level":"info","message":"Client disconnected: a8g2IhyDg8U3EfIRAAAB","service":"blockchain-upi-backend","timestamp":"2025-08-25T17:09:21.991Z"}
{"level":"info","message":"Client connected: NkxP5X4pe0-ratJfAAAE","service":"blockchain-upi-backend","timestamp":"2025-08-25T17:09:22.106Z"}
{"level":"info","message":"Client NkxP5X4pe0-ratJfAAAE joined admin room","service":"blockchain-upi-backend","timestamp":"2025-08-25T17:09:22.108Z"}
{"level":"info","message":"Client disconnected: NkxP5X4pe0-ratJfAAAE","service":"blockchain-upi-backend","timestamp":"2025-08-25T17:12:04.637Z"}
{"level":"info","message":"Client connected: mEdVFawUKW_2Y2ymAAAH","service":"blockchain-upi-backend","timestamp":"2025-08-25T17:12:04.788Z"}
{"level":"info","message":"Client mEdVFawUKW_2Y2ymAAAH joined admin room","service":"blockchain-upi-backend","timestamp":"2025-08-25T17:12:04.791Z"}
{"level":"info","message":"Client disconnected: mEdVFawUKW_2Y2ymAAAH","service":"blockchain-upi-backend","timestamp":"2025-08-25T17:13:01.650Z"}
{"level":"info","message":"Client connected: ETlE5Bx9tkLsccPSAAAK","service":"blockchain-upi-backend","timestamp":"2025-08-25T17:13:01.663Z"}
{"level":"info","message":"Client disconnected: ETlE5Bx9tkLsccPSAAAK","service":"blockchain-upi-backend","timestamp":"2025-08-25T17:13:01.672Z"}
{"level":"info","message":"Client connected: 3cYjpzGVqJ4BabPYAAAM","service":"blockchain-upi-backend","timestamp":"2025-08-25T17:13:01.677Z"}
{"level":"info","message":"Client 3cYjpzGVqJ4BabPYAAAM joined admin room","service":"blockchain-upi-backend","timestamp":"2025-08-25T17:13:01.681Z"}
{"level":"info","message":"Client disconnected: 3cYjpzGVqJ4BabPYAAAM","service":"blockchain-upi-backend","timestamp":"2025-08-25T17:13:10.647Z"}
{"level":"info","message":"Client connected: oPoqxpUsG9HDKbcxAAAP","service":"blockchain-upi-backend","timestamp":"2025-08-25T17:13:10.654Z"}
{"level":"info","message":"Client disconnected: oPoqxpUsG9HDKbcxAAAP","service":"blockchain-upi-backend","timestamp":"2025-08-25T17:13:10.658Z"}
{"level":"info","message":"Client connected: 5vPHIFv4l0L2BT3KAAAR","service":"blockchain-upi-backend","timestamp":"2025-08-25T17:13:10.658Z"}
{"level":"info","message":"Client 5vPHIFv4l0L2BT3KAAAR joined admin room","service":"blockchain-upi-backend","timestamp":"2025-08-25T17:13:10.660Z"}
{"level":"info","message":"Client disconnected: 5vPHIFv4l0L2BT3KAAAR","service":"blockchain-upi-backend","timestamp":"2025-08-25T17:15:01.226Z"}
{"level":"info","message":"Client connected: VAd62vjlO18xVlEYAAAU","service":"blockchain-upi-backend","timestamp":"2025-08-25T17:15:01.384Z"}
{"level":"info","message":"Client VAd62vjlO18xVlEYAAAU joined admin room","service":"blockchain-upi-backend","timestamp":"2025-08-25T17:15:01.387Z"}
{"level":"info","message":"Client disconnected: VAd62vjlO18xVlEYAAAU","service":"blockchain-upi-backend","timestamp":"2025-08-25T17:15:07.240Z"}
{"level":"info","message":"Client connected: kJa0It0QecNsari8AAAW","service":"blockchain-upi-backend","timestamp":"2025-08-25T17:15:52.382Z"}
{"level":"info","message":"Client kJa0It0QecNsari8AAAW joined admin room","service":"blockchain-upi-backend","timestamp":"2025-08-25T17:15:52.385Z"}
{"level":"info","message":"Client connected: N57LPEjvfP0tcHOJAAAY","service":"blockchain-upi-backend","timestamp":"2025-08-25T17:15:52.391Z"}
{"level":"info","message":"Client N57LPEjvfP0tcHOJAAAY joined admin room","service":"blockchain-upi-backend","timestamp":"2025-08-25T17:15:52.393Z"}
{"level":"info","message":"Client disconnected: kJa0It0QecNsari8AAAW","service":"blockchain-upi-backend","timestamp":"2025-08-25T17:15:52.488Z"}
{"level":"info","message":"Client disconnected: N57LPEjvfP0tcHOJAAAY","service":"blockchain-upi-backend","timestamp":"2025-08-25T17:16:07.176Z"}
{"level":"info","message":"Client connected: iejVXuJKkMXKdCZ_AAAb","service":"blockchain-upi-backend","timestamp":"2025-08-25T17:16:54.671Z"}
{"level":"info","message":"Client iejVXuJKkMXKdCZ_AAAb joined admin room","service":"blockchain-upi-backend","timestamp":"2025-08-25T17:16:54.675Z"}
{"level":"info","message":"Client disconnected: iejVXuJKkMXKdCZ_AAAb","service":"blockchain-upi-backend","timestamp":"2025-08-25T17:17:33.938Z"}
{"level":"info","message":"Client connected: nwwKwcoPmEy6wdU6AAAe","service":"blockchain-upi-backend","timestamp":"2025-08-25T17:17:34.083Z"}
{"level":"info","message":"Client nwwKwcoPmEy6wdU6AAAe joined admin room","service":"blockchain-upi-backend","timestamp":"2025-08-25T17:17:34.085Z"}
{"level":"info","message":"Client disconnected: nwwKwcoPmEy6wdU6AAAe","service":"blockchain-upi-backend","timestamp":"2025-08-25T17:23:06.492Z"}
{"level":"info","message":"Client connected: tpM4ARfKljmcVUa3AAAg","service":"blockchain-upi-backend","timestamp":"2025-08-25T17:23:08.652Z"}
{"level":"info","message":"Client tpM4ARfKljmcVUa3AAAg joined admin room","service":"blockchain-upi-backend","timestamp":"2025-08-25T17:23:08.659Z"}
{"level":"info","message":"Client disconnected: tpM4ARfKljmcVUa3AAAg","service":"blockchain-upi-backend","timestamp":"2025-08-25T17:43:02.743Z"}
{"level":"info","message":"Client connected: m0hCQC9rEbTU15DxAAAi","service":"blockchain-upi-backend","timestamp":"2025-08-25T17:43:45.765Z"}
{"level":"info","message":"Client m0hCQC9rEbTU15DxAAAi joined admin room","service":"blockchain-upi-backend","timestamp":"2025-08-25T17:43:45.774Z"}
{"level":"info","message":"Client connected: Emd_wPkPPSG6cyH6AAAk","service":"blockchain-upi-backend","timestamp":"2025-08-25T17:43:45.775Z"}
{"level":"info","message":"Client Emd_wPkPPSG6cyH6AAAk joined admin room","service":"blockchain-upi-backend","timestamp":"2025-08-25T17:43:45.776Z"}
{"level":"info","message":"Client disconnected: m0hCQC9rEbTU15DxAAAi","service":"blockchain-upi-backend","timestamp":"2025-08-25T17:43:45.875Z"}
{"level":"info","message":"Client connected: OspzXU-YEG87tZ2WAAAm","service":"blockchain-upi-backend","timestamp":"2025-08-25T17:46:10.640Z"}
{"level":"info","message":"Client OspzXU-YEG87tZ2WAAAm joined admin room","service":"blockchain-upi-backend","timestamp":"2025-08-25T17:46:10.647Z"}
{"level":"info","message":"Client disconnected: OspzXU-YEG87tZ2WAAAm","service":"blockchain-upi-backend","timestamp":"2025-08-25T17:46:10.652Z"}
{"level":"info","message":"Client connected: AzfrWigcikkZS8BtAAAo","service":"blockchain-upi-backend","timestamp":"2025-08-25T17:46:10.652Z"}
{"level":"info","message":"Client AzfrWigcikkZS8BtAAAo joined admin room","service":"blockchain-upi-backend","timestamp":"2025-08-25T17:46:10.653Z"}
{"level":"info","message":"Client connected: Y_fYROnsw50xhaQEAAAr","service":"blockchain-upi-backend","timestamp":"2025-08-25T17:49:32.216Z"}
{"level":"info","message":"Client Y_fYROnsw50xhaQEAAAr joined admin room","service":"blockchain-upi-backend","timestamp":"2025-08-25T17:49:32.217Z"}
{"level":"info","message":"Client disconnected: Y_fYROnsw50xhaQEAAAr","service":"blockchain-upi-backend","timestamp":"2025-08-25T17:49:54.751Z"}
{"level":"info","message":"Client connected: 0NrqgE_NRFWCkeFNAAAt","service":"blockchain-upi-backend","timestamp":"2025-08-25T17:49:54.759Z"}
{"level":"info","message":"Client connected: R2Nl6nhAcNVl-fQdAAAv","service":"blockchain-upi-backend","timestamp":"2025-08-25T17:49:54.766Z"}
{"level":"info","message":"Client disconnected: 0NrqgE_NRFWCkeFNAAAt","service":"blockchain-upi-backend","timestamp":"2025-08-25T17:49:54.863Z"}
{"level":"info","message":"Client disconnected: R2Nl6nhAcNVl-fQdAAAv","service":"blockchain-upi-backend","timestamp":"2025-08-25T17:50:26.184Z"}
{"level":"info","message":"Client connected: pkB70PWdVFKFpfHZAAAx","service":"blockchain-upi-backend","timestamp":"2025-08-25T17:52:10.315Z"}
{"level":"info","message":"Client pkB70PWdVFKFpfHZAAAx joined admin room","service":"blockchain-upi-backend","timestamp":"2025-08-25T17:52:10.318Z"}
{"level":"info","message":"Client connected: c0YZNPBbdhWpzECHAAAz","service":"blockchain-upi-backend","timestamp":"2025-08-25T17:52:10.325Z"}
{"level":"info","message":"Client c0YZNPBbdhWpzECHAAAz joined admin room","service":"blockchain-upi-backend","timestamp":"2025-08-25T17:52:10.327Z"}
{"level":"info","message":"Client disconnected: pkB70PWdVFKFpfHZAAAx","service":"blockchain-upi-backend","timestamp":"2025-08-25T17:52:10.419Z"}
{"level":"info","message":"Client disconnected: c0YZNPBbdhWpzECHAAAz","service":"blockchain-upi-backend","timestamp":"2025-08-25T17:53:28.559Z"}
{"level":"info","message":"Client disconnected: Emd_wPkPPSG6cyH6AAAk","service":"blockchain-upi-backend","timestamp":"2025-08-25T17:53:28.561Z"}
{"level":"info","message":"Client disconnected: AzfrWigcikkZS8BtAAAo","service":"blockchain-upi-backend","timestamp":"2025-08-25T17:53:28.563Z"}
{"level":"info","message":"Client connected: A6sNj4F6J78EGlGqAAA6","service":"blockchain-upi-backend","timestamp":"2025-08-25T17:53:28.570Z"}
{"level":"info","message":"Client connected: cnl_j09SIlEdWrXUAAA7","service":"blockchain-upi-backend","timestamp":"2025-08-25T17:53:28.571Z"}
{"level":"info","message":"Client connected: J15pcK659qHrePUzAAA8","service":"blockchain-upi-backend","timestamp":"2025-08-25T17:53:28.573Z"}
{"level":"info","message":"Client cnl_j09SIlEdWrXUAAA7 joined admin room","service":"blockchain-upi-backend","timestamp":"2025-08-25T17:53:28.575Z"}
{"level":"info","message":"Client A6sNj4F6J78EGlGqAAA6 joined admin room","service":"blockchain-upi-backend","timestamp":"2025-08-25T17:53:28.577Z"}
{"level":"info","message":"Client J15pcK659qHrePUzAAA8 joined admin room","service":"blockchain-upi-backend","timestamp":"2025-08-25T17:53:28.579Z"}
{"level":"info","message":"Client connected: kwG_OaEBIaDclGlBAAA_","service":"blockchain-upi-backend","timestamp":"2025-08-25T17:53:28.582Z"}
{"level":"info","message":"Client connected: as6VsizIZ3d-WpsMAABB","service":"blockchain-upi-backend","timestamp":"2025-08-25T17:53:28.584Z"}
{"level":"info","message":"Client connected: -OFGYANFyyiRyQDkAABC","service":"blockchain-upi-backend","timestamp":"2025-08-25T17:53:28.585Z"}
{"level":"info","message":"Client kwG_OaEBIaDclGlBAAA_ joined admin room","service":"blockchain-upi-backend","timestamp":"2025-08-25T17:53:28.587Z"}
{"level":"info","message":"Client as6VsizIZ3d-WpsMAABB joined admin room","service":"blockchain-upi-backend","timestamp":"2025-08-25T17:53:28.588Z"}
{"level":"info","message":"Client -OFGYANFyyiRyQDkAABC joined admin room","service":"blockchain-upi-backend","timestamp":"2025-08-25T17:53:28.590Z"}
{"level":"info","message":"Client disconnected: A6sNj4F6J78EGlGqAAA6","service":"blockchain-upi-backend","timestamp":"2025-08-25T17:53:28.677Z"}
{"level":"info","message":"Client disconnected: cnl_j09SIlEdWrXUAAA7","service":"blockchain-upi-backend","timestamp":"2025-08-25T17:53:28.677Z"}
{"level":"info","message":"Client disconnected: J15pcK659qHrePUzAAA8","service":"blockchain-upi-backend","timestamp":"2025-08-25T17:53:28.680Z"}
{"level":"info","message":"Client disconnected: kwG_OaEBIaDclGlBAAA_","service":"blockchain-upi-backend","timestamp":"2025-08-25T17:53:37.557Z"}
{"level":"info","message":"Client disconnected: as6VsizIZ3d-WpsMAABB","service":"blockchain-upi-backend","timestamp":"2025-08-25T17:53:37.558Z"}
{"level":"info","message":"Client disconnected: -OFGYANFyyiRyQDkAABC","service":"blockchain-upi-backend","timestamp":"2025-08-25T17:53:37.563Z"}
{"level":"info","message":"Client connected: Hsgq8-fRvvbN17YpAABJ","service":"blockchain-upi-backend","timestamp":"2025-08-25T17:53:37.570Z"}
{"level":"info","message":"Client connected: UgpmChpN1JLlYcWVAABK","service":"blockchain-upi-backend","timestamp":"2025-08-25T17:53:37.574Z"}
{"level":"info","message":"Client connected: 4ZQdMqlGsZg7FOljAABL","service":"blockchain-upi-backend","timestamp":"2025-08-25T17:53:37.578Z"}
{"level":"info","message":"Client Hsgq8-fRvvbN17YpAABJ joined admin room","service":"blockchain-upi-backend","timestamp":"2025-08-25T17:53:37.581Z"}
{"level":"info","message":"Client UgpmChpN1JLlYcWVAABK joined admin room","service":"blockchain-upi-backend","timestamp":"2025-08-25T17:53:37.583Z"}
{"level":"info","message":"Client 4ZQdMqlGsZg7FOljAABL joined admin room","service":"blockchain-upi-backend","timestamp":"2025-08-25T17:53:37.585Z"}
{"level":"info","message":"Client connected: VVlhJ_L7oVOlKx2ZAABP","service":"blockchain-upi-backend","timestamp":"2025-08-25T17:53:37.593Z"}
{"level":"info","message":"Client connected: ds-LJOYXwG-8LSB4AABQ","service":"blockchain-upi-backend","timestamp":"2025-08-25T17:53:37.594Z"}
{"level":"info","message":"Client connected: Cb7fdgzVA2YdziEoAABR","service":"blockchain-upi-backend","timestamp":"2025-08-25T17:53:37.595Z"}
{"level":"info","message":"Client VVlhJ_L7oVOlKx2ZAABP joined admin room","service":"blockchain-upi-backend","timestamp":"2025-08-25T17:53:37.599Z"}
{"level":"info","message":"Client ds-LJOYXwG-8LSB4AABQ joined admin room","service":"blockchain-upi-backend","timestamp":"2025-08-25T17:53:37.600Z"}
{"level":"info","message":"Client Cb7fdgzVA2YdziEoAABR joined admin room","service":"blockchain-upi-backend","timestamp":"2025-08-25T17:53:37.600Z"}
{"level":"info","message":"Client disconnected: Hsgq8-fRvvbN17YpAABJ","service":"blockchain-upi-backend","timestamp":"2025-08-25T17:53:37.681Z"}
{"level":"info","message":"Client disconnected: UgpmChpN1JLlYcWVAABK","service":"blockchain-upi-backend","timestamp":"2025-08-25T17:53:37.681Z"}
{"level":"info","message":"Client disconnected: 4ZQdMqlGsZg7FOljAABL","service":"blockchain-upi-backend","timestamp":"2025-08-25T17:53:37.686Z"}
{"level":"info","message":"Client disconnected: ds-LJOYXwG-8LSB4AABQ","service":"blockchain-upi-backend","timestamp":"2025-08-25T17:53:47.560Z"}
{"level":"info","message":"Client disconnected: VVlhJ_L7oVOlKx2ZAABP","service":"blockchain-upi-backend","timestamp":"2025-08-25T17:53:47.560Z"}
{"level":"info","message":"Client disconnected: Cb7fdgzVA2YdziEoAABR","service":"blockchain-upi-backend","timestamp":"2025-08-25T17:53:47.561Z"}
{"level":"info","message":"Client connected: edv91qttiG_CxqSwAABY","service":"blockchain-upi-backend","timestamp":"2025-08-25T17:53:47.569Z"}
{"level":"info","message":"Client connected: v-23sq8k1OxTmMcKAABZ","service":"blockchain-upi-backend","timestamp":"2025-08-25T17:53:47.571Z"}
{"level":"info","message":"Client connected: qhrMrTQthr3EcgxHAABa","service":"blockchain-upi-backend","timestamp":"2025-08-25T17:53:47.571Z"}
{"level":"info","message":"Client edv91qttiG_CxqSwAABY joined admin room","service":"blockchain-upi-backend","timestamp":"2025-08-25T17:53:47.574Z"}
{"level":"info","message":"Client qhrMrTQthr3EcgxHAABa joined admin room","service":"blockchain-upi-backend","timestamp":"2025-08-25T17:53:47.577Z"}
{"level":"info","message":"Client disconnected: edv91qttiG_CxqSwAABY","service":"blockchain-upi-backend","timestamp":"2025-08-25T17:53:47.578Z"}
{"level":"info","message":"Client disconnected: v-23sq8k1OxTmMcKAABZ","service":"blockchain-upi-backend","timestamp":"2025-08-25T17:53:47.578Z"}
{"level":"info","message":"Client connected: bmKdXGThlIn-I8eYAABd","service":"blockchain-upi-backend","timestamp":"2025-08-25T17:53:47.580Z"}
{"level":"info","message":"Client connected: 6he21Pv9m-61LO8yAABe","service":"blockchain-upi-backend","timestamp":"2025-08-25T17:53:47.581Z"}
{"level":"info","message":"Client disconnected: qhrMrTQthr3EcgxHAABa","service":"blockchain-upi-backend","timestamp":"2025-08-25T17:53:47.582Z"}
{"level":"info","message":"Client bmKdXGThlIn-I8eYAABd joined admin room","service":"blockchain-upi-backend","timestamp":"2025-08-25T17:53:47.583Z"}
{"level":"info","message":"Client 6he21Pv9m-61LO8yAABe joined admin room","service":"blockchain-upi-backend","timestamp":"2025-08-25T17:53:47.585Z"}
{"level":"info","message":"Client connected: Nsq4omdwpwVWSOOAAABg","service":"blockchain-upi-backend","timestamp":"2025-08-25T17:53:47.586Z"}
{"level":"info","message":"Client Nsq4omdwpwVWSOOAAABg joined admin room","service":"blockchain-upi-backend","timestamp":"2025-08-25T17:53:47.589Z"}
{"level":"info","message":"Client disconnected: 6he21Pv9m-61LO8yAABe","service":"blockchain-upi-backend","timestamp":"2025-08-25T17:54:54.804Z"}
{"level":"info","message":"Client connected: 3adk8CwARaPAJmtjAABi","service":"blockchain-upi-backend","timestamp":"2025-08-25T17:54:54.962Z"}
{"level":"info","message":"Client disconnected: 3adk8CwARaPAJmtjAABi","service":"blockchain-upi-backend","timestamp":"2025-08-25T17:54:54.970Z"}
{"level":"info","message":"Client connected: wIpG-A32kw5M3zn1AABk","service":"blockchain-upi-backend","timestamp":"2025-08-25T17:54:54.971Z"}
{"level":"info","message":"Client wIpG-A32kw5M3zn1AABk joined admin room","service":"blockchain-upi-backend","timestamp":"2025-08-25T17:54:54.976Z"}
{"level":"info","message":"Client disconnected: wIpG-A32kw5M3zn1AABk","service":"blockchain-upi-backend","timestamp":"2025-08-25T17:56:38.858Z"}
{"level":"info","message":"Client connected: GszJ1NcuGkK8dOEQAABn","service":"blockchain-upi-backend","timestamp":"2025-08-25T17:56:38.970Z"}
{"level":"info","message":"Client GszJ1NcuGkK8dOEQAABn joined admin room","service":"blockchain-upi-backend","timestamp":"2025-08-25T17:56:38.973Z"}
{"level":"info","message":"Client disconnected: GszJ1NcuGkK8dOEQAABn","service":"blockchain-upi-backend","timestamp":"2025-08-25T17:59:19.167Z"}
{"level":"info","message":"Client connected: bh3uuU0nFvwdLb6AAABp","service":"blockchain-upi-backend","timestamp":"2025-08-25T17:59:19.273Z"}
{"level":"info","message":"Client bh3uuU0nFvwdLb6AAABp joined admin room","service":"blockchain-upi-backend","timestamp":"2025-08-25T17:59:19.275Z"}
{"level":"info","message":"Client disconnected: bh3uuU0nFvwdLb6AAABp","service":"blockchain-upi-backend","timestamp":"2025-08-25T17:59:19.838Z"}
{"level":"info","message":"Client connected: TmzgAupg30khFkCOAABr","service":"blockchain-upi-backend","timestamp":"2025-08-25T17:59:19.951Z"}
{"level":"info","message":"Client disconnected: TmzgAupg30khFkCOAABr","service":"blockchain-upi-backend","timestamp":"2025-08-25T17:59:19.953Z"}
{"level":"info","message":"Client connected: nYeRE7EypV6FmJqLAABt","service":"blockchain-upi-backend","timestamp":"2025-08-25T17:59:19.955Z"}
{"level":"info","message":"Client nYeRE7EypV6FmJqLAABt joined admin room","service":"blockchain-upi-backend","timestamp":"2025-08-25T17:59:19.956Z"}
{"level":"info","message":"Client disconnected: nYeRE7EypV6FmJqLAABt","service":"blockchain-upi-backend","timestamp":"2025-08-25T17:59:20.272Z"}
{"level":"info","message":"Client connected: DaBNU2hDZuo_1sflAABv","service":"blockchain-upi-backend","timestamp":"2025-08-25T17:59:20.367Z"}
{"level":"info","message":"Client connected: oPToXhFU-TOP02KkAABx","service":"blockchain-upi-backend","timestamp":"2025-08-25T17:59:20.369Z"}
{"level":"info","message":"Client disconnected: DaBNU2hDZuo_1sflAABv","service":"blockchain-upi-backend","timestamp":"2025-08-25T17:59:20.369Z"}
{"level":"info","message":"Client oPToXhFU-TOP02KkAABx joined admin room","service":"blockchain-upi-backend","timestamp":"2025-08-25T17:59:20.370Z"}
{"level":"info","message":"Client disconnected: oPToXhFU-TOP02KkAABx","service":"blockchain-upi-backend","timestamp":"2025-08-25T17:59:20.474Z"}
{"level":"info","message":"Client connected: ZtTBf-lS8zdN4e0wAABz","service":"blockchain-upi-backend","timestamp":"2025-08-25T17:59:20.556Z"}
{"level":"info","message":"Client ZtTBf-lS8zdN4e0wAABz joined admin room","service":"blockchain-upi-backend","timestamp":"2025-08-25T17:59:20.558Z"}
{"level":"info","message":"Client disconnected: ZtTBf-lS8zdN4e0wAABz","service":"blockchain-upi-backend","timestamp":"2025-08-25T17:59:20.640Z"}
{"level":"info","message":"Client connected: 640aEFlS2huVvPhMAAB1","service":"blockchain-upi-backend","timestamp":"2025-08-25T17:59:20.725Z"}
{"level":"info","message":"Client disconnected: 640aEFlS2huVvPhMAAB1","service":"blockchain-upi-backend","timestamp":"2025-08-25T17:59:20.730Z"}
{"level":"info","message":"SIGTERM received, shutting down gracefully","service":"blockchain-upi-backend","timestamp":"2025-08-25T18:02:13.885Z"}
{"level":"info","message":"Blockchain connection initialized successfully","service":"blockchain-upi-backend","timestamp":"2025-08-25T18:02:20.666Z"}
{"level":"info","message":"Server running on port 5001","service":"blockchain-upi-backend","timestamp":"2025-08-25T18:02:20.667Z"}
{"level":"info","message":"Environment: development","service":"blockchain-upi-backend","timestamp":"2025-08-25T18:02:20.667Z"}
{"level":"info","message":"SIGTERM received, shutting down gracefully","service":"blockchain-upi-backend","timestamp":"2025-08-25T18:02:50.567Z"}
{"level":"info","message":"SIGTERM received, shutting down gracefully","service":"blockchain-upi-backend","timestamp":"2025-08-25T18:02:50.567Z"}
{"level":"info","message":"Process terminated","service":"blockchain-upi-backend","timestamp":"2025-08-25T18:02:50.568Z"}
{"level":"info","message":"Blockchain connection initialized successfully","service":"blockchain-upi-backend","timestamp":"2025-08-25T18:02:52.700Z"}
{"level":"info","message":"Server running on port 5001","service":"blockchain-upi-backend","timestamp":"2025-08-25T18:02:52.702Z"}
{"level":"info","message":"Environment: development","service":"blockchain-upi-backend","timestamp":"2025-08-25T18:02:52.702Z"}
{"level":"info","message":"Client connected: IdB5ta3hBxzDq1qiAAAB","service":"blockchain-upi-backend","timestamp":"2025-08-25T18:04:35.354Z"}
{"level":"info","message":"Client disconnected: IdB5ta3hBxzDq1qiAAAB","service":"blockchain-upi-backend","timestamp":"2025-08-25T18:04:35.360Z"}
{"level":"info","message":"Client connected: Nts8GNKH26_v5e3WAAAD","service":"blockchain-upi-backend","timestamp":"2025-08-25T18:04:35.366Z"}
{"level":"info","message":"Client Nts8GNKH26_v5e3WAAAD joined admin room","service":"blockchain-upi-backend","timestamp":"2025-08-25T18:04:35.369Z"}
{"level":"info","message":"Client connected: CH1CG46V5Ihoj-XNAAAF","service":"blockchain-upi-backend","timestamp":"2025-08-25T18:08:33.261Z"}
{"level":"info","message":"Client CH1CG46V5Ihoj-XNAAAF joined admin room","service":"blockchain-upi-backend","timestamp":"2025-08-25T18:08:33.281Z"}
{"level":"info","message":"Client connected: X4qaIKFBDMUImY1DAAAH","service":"blockchain-upi-backend","timestamp":"2025-08-25T18:08:33.282Z"}
{"level":"info","message":"Client X4qaIKFBDMUImY1DAAAH joined admin room","service":"blockchain-upi-backend","timestamp":"2025-08-25T18:08:33.284Z"}
{"level":"info","message":"Client disconnected: CH1CG46V5Ihoj-XNAAAF","service":"blockchain-upi-backend","timestamp":"2025-08-25T18:08:33.377Z"}
{"level":"info","message":"Client disconnected: Nts8GNKH26_v5e3WAAAD","service":"blockchain-upi-backend","timestamp":"2025-08-25T18:09:27.033Z"}
{"level":"info","message":"Client disconnected: Nsq4omdwpwVWSOOAAABg","service":"blockchain-upi-backend","timestamp":"2025-08-25T18:10:42.586Z"}
{"level":"info","message":"Client connected: TVuR-6-YjqGTZFkFAAAK","service":"blockchain-upi-backend","timestamp":"2025-08-25T18:10:42.750Z"}
{"level":"info","message":"Client TVuR-6-YjqGTZFkFAAAK joined admin room","service":"blockchain-upi-backend","timestamp":"2025-08-25T18:10:42.754Z"}
{"level":"info","message":"Client disconnected: X4qaIKFBDMUImY1DAAAH","service":"blockchain-upi-backend","timestamp":"2025-08-25T18:10:44.591Z"}
{"level":"info","message":"Client disconnected: bmKdXGThlIn-I8eYAABd","service":"blockchain-upi-backend","timestamp":"2025-08-25T18:10:44.591Z"}
{"level":"info","message":"Process terminated","service":"blockchain-upi-backend","timestamp":"2025-08-25T18:10:44.591Z"}
{"level":"info","message":"Process terminated","service":"blockchain-upi-backend","timestamp":"2025-08-25T18:10:44.592Z"}
{"level":"info","message":"Client connected: -8ICD7nrl_S4__q-AAAN","service":"blockchain-upi-backend","timestamp":"2025-08-25T18:10:44.717Z"}
{"level":"info","message":"Client -8ICD7nrl_S4__q-AAAN joined admin room","service":"blockchain-upi-backend","timestamp":"2025-08-25T18:10:44.718Z"}
{"level":"info","message":"Client connected: 2e_pu3J3x6oNmPhaAAAP","service":"blockchain-upi-backend","timestamp":"2025-08-25T18:10:44.758Z"}
{"level":"info","message":"Client disconnected: 2e_pu3J3x6oNmPhaAAAP","service":"blockchain-upi-backend","timestamp":"2025-08-25T18:10:44.762Z"}
{"level":"info","message":"Client connected: yogY3EIpNKl8LKn5AAAR","service":"blockchain-upi-backend","timestamp":"2025-08-25T18:10:44.763Z"}
{"level":"info","message":"Client yogY3EIpNKl8LKn5AAAR joined admin room","service":"blockchain-upi-backend","timestamp":"2025-08-25T18:10:44.768Z"}
{"level":"info","message":"Client disconnected: TVuR-6-YjqGTZFkFAAAK","service":"blockchain-upi-backend","timestamp":"2025-08-25T18:11:05.942Z"}
{"level":"info","message":"Client connected: Co_auPcqZJh3eYWHAAAT","service":"blockchain-upi-backend","timestamp":"2025-08-25T18:11:13.681Z"}
{"level":"info","message":"Client Co_auPcqZJh3eYWHAAAT joined admin room","service":"blockchain-upi-backend","timestamp":"2025-08-25T18:11:13.688Z"}
{"level":"info","message":"Client disconnected: Co_auPcqZJh3eYWHAAAT","service":"blockchain-upi-backend","timestamp":"2025-08-25T18:11:13.690Z"}
{"level":"info","message":"Client connected: FIzE_ssFxHZ39QMZAAAV","service":"blockchain-upi-backend","timestamp":"2025-08-25T18:11:13.691Z"}
{"level":"info","message":"Client FIzE_ssFxHZ39QMZAAAV joined admin room","service":"blockchain-upi-backend","timestamp":"2025-08-25T18:11:13.693Z"}
{"level":"info","message":"Client disconnected: FIzE_ssFxHZ39QMZAAAV","service":"blockchain-upi-backend","timestamp":"2025-08-25T18:14:54.361Z"}
{"level":"info","message":"Client disconnected: -8ICD7nrl_S4__q-AAAN","service":"blockchain-upi-backend","timestamp":"2025-08-25T18:14:54.392Z"}
{"level":"info","message":"Client disconnected: yogY3EIpNKl8LKn5AAAR","service":"blockchain-upi-backend","timestamp":"2025-08-25T18:14:54.392Z"}
{"level":"info","message":"Client connected: LkixDNyJytqgn42sAAAY","service":"blockchain-upi-backend","timestamp":"2025-08-25T18:14:54.539Z"}
{"level":"info","message":"Client connected: i_bKxFmuRUxW2TJrAAAZ","service":"blockchain-upi-backend","timestamp":"2025-08-25T18:14:54.545Z"}
{"level":"info","message":"Client disconnected: i_bKxFmuRUxW2TJrAAAZ","service":"blockchain-upi-backend","timestamp":"2025-08-25T18:14:54.551Z"}
{"level":"info","message":"Client disconnected: LkixDNyJytqgn42sAAAY","service":"blockchain-upi-backend","timestamp":"2025-08-25T18:14:54.551Z"}
{"level":"info","message":"Client connected: gxrCl4r3BQY_dZzaAAAc","service":"blockchain-upi-backend","timestamp":"2025-08-25T18:14:54.555Z"}
{"level":"info","message":"Client connected: jbOEFzRmosb1tpXIAAAd","service":"blockchain-upi-backend","timestamp":"2025-08-25T18:14:54.556Z"}
{"level":"info","message":"Client gxrCl4r3BQY_dZzaAAAc joined admin room","service":"blockchain-upi-backend","timestamp":"2025-08-25T18:14:54.560Z"}
{"level":"info","message":"Client jbOEFzRmosb1tpXIAAAd joined admin room","service":"blockchain-upi-backend","timestamp":"2025-08-25T18:14:54.564Z"}
{"level":"info","message":"Client connected: zysnlKRIRz3P4HP6AAAf","service":"blockchain-upi-backend","timestamp":"2025-08-25T18:14:54.578Z"}
{"level":"info","message":"Client disconnected: zysnlKRIRz3P4HP6AAAf","service":"blockchain-upi-backend","timestamp":"2025-08-25T18:14:54.587Z"}
{"level":"info","message":"Client connected: UKXsXpBhzNBSwtwkAAAh","service":"blockchain-upi-backend","timestamp":"2025-08-25T18:14:54.589Z"}
{"level":"info","message":"Client UKXsXpBhzNBSwtwkAAAh joined admin room","service":"blockchain-upi-backend","timestamp":"2025-08-25T18:14:54.593Z"}
{"level":"info","message":"Client disconnected: gxrCl4r3BQY_dZzaAAAc","service":"blockchain-upi-backend","timestamp":"2025-08-25T18:15:10.437Z"}
{"level":"info","message":"Client connected: Tujx1AUdzEQ04tyFAAAj","service":"blockchain-upi-backend","timestamp":"2025-08-25T18:15:17.307Z"}
{"level":"info","message":"Client Tujx1AUdzEQ04tyFAAAj joined admin room","service":"blockchain-upi-backend","timestamp":"2025-08-25T18:15:17.309Z"}
{"level":"info","message":"Client connected: raKps9K04dA3O5w2AAAl","service":"blockchain-upi-backend","timestamp":"2025-08-25T18:15:17.320Z"}
{"level":"info","message":"Client raKps9K04dA3O5w2AAAl joined admin room","service":"blockchain-upi-backend","timestamp":"2025-08-25T18:15:17.322Z"}
{"level":"info","message":"Client disconnected: Tujx1AUdzEQ04tyFAAAj","service":"blockchain-upi-backend","timestamp":"2025-08-25T18:15:17.409Z"}
{"level":"info","message":"Client disconnected: raKps9K04dA3O5w2AAAl","service":"blockchain-upi-backend","timestamp":"2025-08-25T18:15:46.538Z"}
{"level":"info","message":"Client connected: XAplatvapZzpynsmAAAo","service":"blockchain-upi-backend","timestamp":"2025-08-25T18:15:46.661Z"}
{"level":"info","message":"Client XAplatvapZzpynsmAAAo joined admin room","service":"blockchain-upi-backend","timestamp":"2025-08-25T18:15:46.665Z"}
{"level":"info","message":"SIGTERM received, shutting down gracefully","service":"blockchain-upi-backend","timestamp":"2025-08-25T18:17:34.904Z"}
{"level":"info","message":"Blockchain connection initialized successfully","service":"blockchain-upi-backend","timestamp":"2025-08-25T18:17:55.723Z"}
{"level":"info","message":"Server running on port 5001","service":"blockchain-upi-backend","timestamp":"2025-08-25T18:17:55.724Z"}
{"level":"info","message":"Environment: development","service":"blockchain-upi-backend","timestamp":"2025-08-25T18:17:55.724Z"}
{"level":"info","message":"SIGTERM received, shutting down gracefully","service":"blockchain-upi-backend","timestamp":"2025-08-25T18:18:16.755Z"}
{"level":"info","message":"SIGTERM received, shutting down gracefully","service":"blockchain-upi-backend","timestamp":"2025-08-25T18:18:16.755Z"}
{"level":"info","message":"Process terminated","service":"blockchain-upi-backend","timestamp":"2025-08-25T18:18:16.755Z"}
{"level":"info","message":"Blockchain connection initialized successfully","service":"blockchain-upi-backend","timestamp":"2025-08-25T18:18:18.876Z"}
{"level":"info","message":"Server running on port 5001","service":"blockchain-upi-backend","timestamp":"2025-08-25T18:18:18.878Z"}
{"level":"info","message":"Environment: development","service":"blockchain-upi-backend","timestamp":"2025-08-25T18:18:18.878Z"}
{"level":"info","message":"Client disconnected: XAplatvapZzpynsmAAAo","service":"blockchain-upi-backend","timestamp":"2025-08-25T18:19:18.768Z"}
{"level":"info","message":"Client connected: z6I9s1r6V744N3_GAAAB","service":"blockchain-upi-backend","timestamp":"2025-08-25T18:19:59.682Z"}
{"level":"info","message":"Client connected: mUS2QhQ-9o1A8kXuAAAD","service":"blockchain-upi-backend","timestamp":"2025-08-25T18:19:59.685Z"}
{"level":"info","message":"Client disconnected: z6I9s1r6V744N3_GAAAB","service":"blockchain-upi-backend","timestamp":"2025-08-25T18:19:59.687Z"}
{"level":"info","message":"Client mUS2QhQ-9o1A8kXuAAAD joined admin room","service":"blockchain-upi-backend","timestamp":"2025-08-25T18:19:59.699Z"}
{"level":"info","message":"Client disconnected: mUS2QhQ-9o1A8kXuAAAD","service":"blockchain-upi-backend","timestamp":"2025-08-25T18:21:55.321Z"}
{"level":"info","message":"Client connected: 7JhxMRN4rKKaryOcAAAF","service":"blockchain-upi-backend","timestamp":"2025-08-25T18:21:55.441Z"}
{"level":"info","message":"Client 7JhxMRN4rKKaryOcAAAF joined admin room","service":"blockchain-upi-backend","timestamp":"2025-08-25T18:21:55.443Z"}
{"level":"info","message":"SIGTERM received, shutting down gracefully","service":"blockchain-upi-backend","timestamp":"2025-08-25T18:24:13.501Z"}
{"level":"info","message":"SIGTERM received, shutting down gracefully","service":"blockchain-upi-backend","timestamp":"2025-08-25T18:24:13.501Z"}
{"level":"info","message":"Blockchain connection initialized successfully","service":"blockchain-upi-backend","timestamp":"2025-08-25T18:24:15.696Z"}
{"level":"info","message":"Server running on port 5001","service":"blockchain-upi-backend","timestamp":"2025-08-25T18:24:15.697Z"}
{"level":"info","message":"Environment: development","service":"blockchain-upi-backend","timestamp":"2025-08-25T18:24:15.698Z"}
{"level":"info","message":"SIGTERM received, shutting down gracefully","service":"blockchain-upi-backend","timestamp":"2025-08-25T18:24:43.451Z"}
{"level":"info","message":"SIGTERM received, shutting down gracefully","service":"blockchain-upi-backend","timestamp":"2025-08-25T18:24:43.451Z"}
{"level":"info","message":"SIGTERM received, shutting down gracefully","service":"blockchain-upi-backend","timestamp":"2025-08-25T18:24:43.452Z"}
{"level":"info","message":"Process terminated","service":"blockchain-upi-backend","timestamp":"2025-08-25T18:24:43.452Z"}
{"level":"info","message":"Blockchain connection initialized successfully","service":"blockchain-upi-backend","timestamp":"2025-08-25T18:24:45.580Z"}
{"level":"info","message":"Server running on port 5001","service":"blockchain-upi-backend","timestamp":"2025-08-25T18:24:45.581Z"}
{"level":"info","message":"Environment: development","service":"blockchain-upi-backend","timestamp":"2025-08-25T18:24:45.581Z"}
{"level":"info","message":"Client disconnected: 7JhxMRN4rKKaryOcAAAF","service":"blockchain-upi-backend","timestamp":"2025-08-25T18:25:34.923Z"}
{"level":"info","message":"Process terminated","service":"blockchain-upi-backend","timestamp":"2025-08-25T18:25:34.923Z"}
{"level":"info","message":"Process terminated","service":"blockchain-upi-backend","timestamp":"2025-08-25T18:25:34.923Z"}
{"level":"info","message":"Client connected: MXhFn92bwl-eQaTNAAAC","service":"blockchain-upi-backend","timestamp":"2025-08-25T18:25:35.041Z"}
{"level":"info","message":"Client MXhFn92bwl-eQaTNAAAC joined admin room","service":"blockchain-upi-backend","timestamp":"2025-08-25T18:25:35.043Z"}
{"level":"info","message":"Client disconnected: MXhFn92bwl-eQaTNAAAC","service":"blockchain-upi-backend","timestamp":"2025-08-25T18:26:52.750Z"}
{"level":"info","message":"Client connected: DiPNh5RZijbs9opmAAAF","service":"blockchain-upi-backend","timestamp":"2025-08-25T18:26:52.872Z"}
{"level":"info","message":"Client DiPNh5RZijbs9opmAAAF joined admin room","service":"blockchain-upi-backend","timestamp":"2025-08-25T18:26:52.875Z"}
{"level":"info","message":"SIGTERM received, shutting down gracefully","service":"blockchain-upi-backend","timestamp":"2025-08-25T18:29:02.187Z"}
{"level":"info","message":"SIGTERM received, shutting down gracefully","service":"blockchain-upi-backend","timestamp":"2025-08-25T18:29:02.187Z"}
{"level":"info","message":"Blockchain connection initialized successfully","service":"blockchain-upi-backend","timestamp":"2025-08-25T18:29:04.318Z"}
{"level":"info","message":"Server running on port 5001","service":"blockchain-upi-backend","timestamp":"2025-08-25T18:29:04.319Z"}
{"level":"info","message":"Environment: development","service":"blockchain-upi-backend","timestamp":"2025-08-25T18:29:04.319Z"}
{"level":"info","message":"Client disconnected: DiPNh5RZijbs9opmAAAF","service":"blockchain-upi-backend","timestamp":"2025-08-25T18:32:53.006Z"}
{"level":"info","message":"Client disconnected: jbOEFzRmosb1tpXIAAAd","service":"blockchain-upi-backend","timestamp":"2025-08-25T18:32:53.007Z"}
{"level":"info","message":"Process terminated","service":"blockchain-upi-backend","timestamp":"2025-08-25T18:32:53.006Z"}
{"level":"info","message":"Client disconnected: UKXsXpBhzNBSwtwkAAAh","service":"blockchain-upi-backend","timestamp":"2025-08-25T18:32:53.007Z"}
{"level":"info","message":"Process terminated","service":"blockchain-upi-backend","timestamp":"2025-08-25T18:32:53.007Z"}
{"level":"info","message":"Process terminated","service":"blockchain-upi-backend","timestamp":"2025-08-25T18:32:53.007Z"}
{"level":"info","message":"Process terminated","service":"blockchain-upi-backend","timestamp":"2025-08-25T18:32:53.007Z"}
{"level":"info","message":"Process terminated","service":"blockchain-upi-backend","timestamp":"2025-08-25T18:32:53.007Z"}
{"level":"info","message":"Process terminated","service":"blockchain-upi-backend","timestamp":"2025-08-25T18:32:53.007Z"}
{"level":"info","message":"Client connected: uSL7pncTrQywQhLtAAAD","service":"blockchain-upi-backend","timestamp":"2025-08-25T18:32:54.561Z"}
{"level":"info","message":"Client connected: 3WMRVQMkA7Te6ATgAAAE","service":"blockchain-upi-backend","timestamp":"2025-08-25T18:32:54.561Z"}
{"level":"info","message":"Client connected: ZAF0jDyzryBEU8o6AAAF","service":"blockchain-upi-backend","timestamp":"2025-08-25T18:32:54.562Z"}
{"level":"info","message":"Client uSL7pncTrQywQhLtAAAD joined admin room","service":"blockchain-upi-backend","timestamp":"2025-08-25T18:32:54.566Z"}
{"level":"info","message":"Client 3WMRVQMkA7Te6ATgAAAE joined admin room","service":"blockchain-upi-backend","timestamp":"2025-08-25T18:32:54.567Z"}
{"level":"info","message":"Client ZAF0jDyzryBEU8o6AAAF joined admin room","service":"blockchain-upi-backend","timestamp":"2025-08-25T18:32:54.571Z"}
{"level":"info","message":"Client disconnected: uSL7pncTrQywQhLtAAAD","service":"blockchain-upi-backend","timestamp":"2025-08-25T18:39:32.979Z"}
{"level":"info","message":"Client disconnected: 3WMRVQMkA7Te6ATgAAAE","service":"blockchain-upi-backend","timestamp":"2025-08-25T18:39:32.979Z"}
{"level":"info","message":"Client disconnected: ZAF0jDyzryBEU8o6AAAF","service":"blockchain-upi-backend","timestamp":"2025-08-25T18:39:32.979Z"}
{"level":"info","message":"Client connected: ri_ck4544YH_LLfyAAAJ","service":"blockchain-upi-backend","timestamp":"2025-08-25T18:39:34.566Z"}
{"level":"info","message":"Client connected: TDc0ykEwlAU23FdkAAAK","service":"blockchain-upi-backend","timestamp":"2025-08-25T18:39:34.568Z"}
{"level":"info","message":"Client connected: i1TQpcw_KWC8bttRAAAL","service":"blockchain-upi-backend","timestamp":"2025-08-25T18:39:34.571Z"}
{"level":"info","message":"Client ri_ck4544YH_LLfyAAAJ joined admin room","service":"blockchain-upi-backend","timestamp":"2025-08-25T18:39:34.574Z"}
{"level":"info","message":"Client TDc0ykEwlAU23FdkAAAK joined admin room","service":"blockchain-upi-backend","timestamp":"2025-08-25T18:39:34.579Z"}
{"level":"info","message":"Client i1TQpcw_KWC8bttRAAAL joined admin room","service":"blockchain-upi-backend","timestamp":"2025-08-25T18:39:34.580Z"}
{"level":"info","message":"Client disconnected: TDc0ykEwlAU23FdkAAAK","service":"blockchain-upi-backend","timestamp":"2025-08-25T18:44:22.385Z"}
{"level":"info","message":"Client disconnected: i1TQpcw_KWC8bttRAAAL","service":"blockchain-upi-backend","timestamp":"2025-08-25T18:44:22.385Z"}
{"level":"info","message":"Client disconnected: ri_ck4544YH_LLfyAAAJ","service":"blockchain-upi-backend","timestamp":"2025-08-25T18:44:22.385Z"}
{"level":"info","message":"Client connected: -umezzCIUgyT71XfAAAO","service":"blockchain-upi-backend","timestamp":"2025-08-25T18:44:23.623Z"}
{"level":"info","message":"Client connected: jKXCsuAVK76hwWvnAAAP","service":"blockchain-upi-backend","timestamp":"2025-08-25T18:44:23.624Z"}
{"level":"info","message":"Client -umezzCIUgyT71XfAAAO joined admin room","service":"blockchain-upi-backend","timestamp":"2025-08-25T18:44:23.629Z"}
{"level":"info","message":"Client jKXCsuAVK76hwWvnAAAP joined admin room","service":"blockchain-upi-backend","timestamp":"2025-08-25T18:44:23.630Z"}
{"level":"info","message":"Client connected: 0jiKGQ1AAemMo35QAAAR","service":"blockchain-upi-backend","timestamp":"2025-08-25T18:44:24.622Z"}
{"level":"info","message":"Client 0jiKGQ1AAemMo35QAAAR joined admin room","service":"blockchain-upi-backend","timestamp":"2025-08-25T18:44:24.626Z"}
{"level":"info","message":"Client disconnected: 0jiKGQ1AAemMo35QAAAR","service":"blockchain-upi-backend","timestamp":"2025-08-25T18:54:23.866Z"}
{"level":"info","message":"Client connected: wEr_OYr-vQgTiRmLAAAT","service":"blockchain-upi-backend","timestamp":"2025-08-25T18:55:34.251Z"}
{"level":"info","message":"Client disconnected: wEr_OYr-vQgTiRmLAAAT","service":"blockchain-upi-backend","timestamp":"2025-08-25T18:55:34.254Z"}
{"level":"info","message":"Client connected: WQ9-0OIjnu9c41nZAAAV","service":"blockchain-upi-backend","timestamp":"2025-08-25T18:55:34.258Z"}
{"level":"info","message":"Client WQ9-0OIjnu9c41nZAAAV joined admin room","service":"blockchain-upi-backend","timestamp":"2025-08-25T18:55:34.261Z"}
{"level":"info","message":"Client disconnected: WQ9-0OIjnu9c41nZAAAV","service":"blockchain-upi-backend","timestamp":"2025-08-25T18:56:15.749Z"}
{"level":"info","message":"Client connected: E3RkNL_Z-1AKLrNbAAAX","service":"blockchain-upi-backend","timestamp":"2025-08-25T18:57:27.573Z"}
{"level":"info","message":"Client disconnected: E3RkNL_Z-1AKLrNbAAAX","service":"blockchain-upi-backend","timestamp":"2025-08-25T18:57:27.597Z"}
{"level":"info","message":"Client connected: 36tVfzrQ27QeCo3pAAAZ","service":"blockchain-upi-backend","timestamp":"2025-08-25T18:57:27.598Z"}
{"level":"info","message":"Client disconnected: 36tVfzrQ27QeCo3pAAAZ","service":"blockchain-upi-backend","timestamp":"2025-08-25T19:02:15.626Z"}
{"level":"info","message":"Client connected: KQXiSRTHzpaaDNHhAAAc","service":"blockchain-upi-backend","timestamp":"2025-08-25T19:02:15.783Z"}
{"level":"info","message":"Client disconnected: -umezzCIUgyT71XfAAAO","service":"blockchain-upi-backend","timestamp":"2025-08-25T19:02:19.597Z"}
{"level":"info","message":"Client disconnected: jKXCsuAVK76hwWvnAAAP","service":"blockchain-upi-backend","timestamp":"2025-08-25T19:02:19.599Z"}
{"level":"info","message":"Client disconnected: KQXiSRTHzpaaDNHhAAAc","service":"blockchain-upi-backend","timestamp":"2025-08-25T19:07:05.590Z"}
{"level":"info","message":"Client connected: X2lijDW5ePOFf5iQAAAf","service":"blockchain-upi-backend","timestamp":"2025-08-25T19:07:05.754Z"}
{"level":"info","message":"Client disconnected: X2lijDW5ePOFf5iQAAAf","service":"blockchain-upi-backend","timestamp":"2025-08-25T19:10:48.573Z"}
{"level":"info","message":"Client connected: pdVOTELfl2mbWL4TAABC","service":"blockchain-upi-backend","timestamp":"2025-08-25T19:10:48.587Z"}
{"level":"info","message":"Client connected: XDzsJJkqBjfqKt4lAABD","service":"blockchain-upi-backend","timestamp":"2025-08-25T19:10:48.588Z"}
{"level":"info","message":"SIGTERM received, shutting down gracefully","service":"blockchain-upi-backend","timestamp":"2025-08-25T19:10:57.599Z"}
{"level":"info","message":"Blockchain connection initialized successfully","service":"blockchain-upi-backend","timestamp":"2025-08-25T19:10:59.813Z"}
{"level":"info","message":"Server running on port 5001","service":"blockchain-upi-backend","timestamp":"2025-08-25T19:10:59.814Z"}
{"level":"info","message":"Environment: development","service":"blockchain-upi-backend","timestamp":"2025-08-25T19:10:59.814Z"}
{"level":"info","message":"Client disconnected: XDzsJJkqBjfqKt4lAABD","service":"blockchain-upi-backend","timestamp":"2025-08-25T19:11:13.582Z"}
{"level":"info","message":"Client disconnected: pdVOTELfl2mbWL4TAABC","service":"blockchain-upi-backend","timestamp":"2025-08-25T19:11:13.582Z"}
{"level":"info","message":"Process terminated","service":"blockchain-upi-backend","timestamp":"2025-08-25T19:11:13.582Z"}
{"level":"info","message":"Client connected: CuBF4zZPvxqrKrbgAAAC","service":"blockchain-upi-backend","timestamp":"2025-08-25T19:11:14.570Z"}
{"level":"info","message":"Client connected: 3lcOILAoa-oyTpVHAAAD","service":"blockchain-upi-backend","timestamp":"2025-08-25T19:11:14.571Z"}
{"level":"info","message":"SIGTERM received, shutting down gracefully","service":"blockchain-upi-backend","timestamp":"2025-08-25T19:11:29.210Z"}
{"level":"info","message":"SIGTERM received, shutting down gracefully","service":"blockchain-upi-backend","timestamp":"2025-08-25T19:11:29.210Z"}
{"level":"info","message":"Process terminated","service":"blockchain-upi-backend","timestamp":"2025-08-25T19:11:29.211Z"}
{"level":"info","message":"Blockchain connection initialized successfully","service":"blockchain-upi-backend","timestamp":"2025-08-25T19:11:31.351Z"}
{"level":"info","message":"Server running on port 5001","service":"blockchain-upi-backend","timestamp":"2025-08-25T19:11:31.352Z"}
{"level":"info","message":"Environment: development","service":"blockchain-upi-backend","timestamp":"2025-08-25T19:11:31.352Z"}
{"level":"info","message":"Client disconnected: CuBF4zZPvxqrKrbgAAAC","service":"blockchain-upi-backend","timestamp":"2025-08-25T19:11:39.567Z"}
{"level":"info","message":"Client disconnected: 3lcOILAoa-oyTpVHAAAD","service":"blockchain-upi-backend","timestamp":"2025-08-25T19:11:39.568Z"}
{"level":"info","message":"Process terminated","service":"blockchain-upi-backend","timestamp":"2025-08-25T19:11:39.568Z"}
{"level":"info","message":"Client connected: vUNfq88qej59faJpAAAB","service":"blockchain-upi-backend","timestamp":"2025-08-25T19:11:40.581Z"}
{"level":"info","message":"Client connected: 72RudH9bnACg8ubbAAAD","service":"blockchain-upi-backend","timestamp":"2025-08-25T19:11:41.568Z"}
{"level":"info","message":"Client disconnected: vUNfq88qej59faJpAAAB","service":"blockchain-upi-backend","timestamp":"2025-08-25T19:13:17.760Z"}
{"level":"info","message":"Client disconnected: 72RudH9bnACg8ubbAAAD","service":"blockchain-upi-backend","timestamp":"2025-08-25T19:13:17.760Z"}
{"level":"info","message":"Client connected: R9nr8LlGC36y6Z5FAAAH","service":"blockchain-upi-backend","timestamp":"2025-08-25T19:14:23.215Z"}
{"level":"info","message":"Client connected: vQmCFVEzbwEMQGspAAAJ","service":"blockchain-upi-backend","timestamp":"2025-08-25T19:14:26.573Z"}
{"level":"info","message":"Client connected: Tn7LQP9MdBjgp-MtAAAL","service":"blockchain-upi-backend","timestamp":"2025-08-25T19:14:26.955Z"}
{"level":"info","message":"Client disconnected: Tn7LQP9MdBjgp-MtAAAL","service":"blockchain-upi-backend","timestamp":"2025-08-25T19:14:26.962Z"}
{"level":"info","message":"Client connected: SEUA_KLcNakKTLNMAAAN","service":"blockchain-upi-backend","timestamp":"2025-08-25T19:14:26.963Z"}
{"level":"info","message":"Client connected: 7EtP-YlqQVYJq25xAAAP","service":"blockchain-upi-backend","timestamp":"2025-08-25T19:14:35.717Z"}
{"level":"info","message":"Client disconnected: R9nr8LlGC36y6Z5FAAAH","service":"blockchain-upi-backend","timestamp":"2025-08-25T19:15:08.213Z"}
{"level":"info","message":"Client disconnected: vQmCFVEzbwEMQGspAAAJ","service":"blockchain-upi-backend","timestamp":"2025-08-25T19:15:11.567Z"}
{"level":"info","message":"Client disconnected: SEUA_KLcNakKTLNMAAAN","service":"blockchain-upi-backend","timestamp":"2025-08-25T19:18:01.584Z"}
{"level":"info","message":"Client disconnected: 7EtP-YlqQVYJq25xAAAP","service":"blockchain-upi-backend","timestamp":"2025-08-25T19:18:01.585Z"}
{"level":"info","message":"Client connected: -KbHn-VowkIfYijaAAAS","service":"blockchain-upi-backend","timestamp":"2025-08-25T19:18:25.569Z"}
{"level":"info","message":"Client disconnected: -KbHn-VowkIfYijaAAAS","service":"blockchain-upi-backend","timestamp":"2025-08-25T19:18:25.575Z"}
{"level":"info","message":"Client connected: QhL_w2gxfgwAHCOdAAAV","service":"blockchain-upi-backend","timestamp":"2025-08-25T19:18:25.576Z"}
{"level":"info","message":"Client connected: oso0YXeGr80xM9p3AAAW","service":"blockchain-upi-backend","timestamp":"2025-08-25T19:18:25.576Z"}
{"level":"info","message":"Client connected: a7NBdJtEnNe6i8WdAAAZ","service":"blockchain-upi-backend","timestamp":"2025-08-25T19:18:27.524Z"}
{"level":"info","message":"Client connected: AT-JbmPOoyznGlwKAAAc","service":"blockchain-upi-backend","timestamp":"2025-08-25T19:18:28.425Z"}
{"level":"info","message":"Client disconnected: QhL_w2gxfgwAHCOdAAAV","service":"blockchain-upi-backend","timestamp":"2025-08-25T19:19:10.573Z"}
{"level":"info","message":"Client disconnected: oso0YXeGr80xM9p3AAAW","service":"blockchain-upi-backend","timestamp":"2025-08-25T19:19:10.573Z"}
{"level":"info","message":"Client disconnected: a7NBdJtEnNe6i8WdAAAZ","service":"blockchain-upi-backend","timestamp":"2025-08-25T19:19:12.521Z"}
{"level":"info","message":"Client disconnected: AT-JbmPOoyznGlwKAAAc","service":"blockchain-upi-backend","timestamp":"2025-08-25T19:19:26.080Z"}
{"level":"info","message":"Client connected: C7bpZlX5EkoNJOgqAAAe","service":"blockchain-upi-backend","timestamp":"2025-08-25T19:19:50.223Z"}
{"level":"info","message":"Client disconnected: C7bpZlX5EkoNJOgqAAAe","service":"blockchain-upi-backend","timestamp":"2025-08-25T19:19:50.233Z"}
{"level":"info","message":"Client connected: gC8CduwFEcVCeauaAAAg","service":"blockchain-upi-backend","timestamp":"2025-08-25T19:19:50.233Z"}
{"level":"info","message":"Client disconnected: gC8CduwFEcVCeauaAAAg","service":"blockchain-upi-backend","timestamp":"2025-08-25T19:25:54.160Z"}
{"level":"info","message":"Client connected: VWJR_telcBCQbkwMAAAi","service":"blockchain-upi-backend","timestamp":"2025-08-25T19:27:30.880Z"}
{"level":"info","message":"Client disconnected: VWJR_telcBCQbkwMAAAi","service":"blockchain-upi-backend","timestamp":"2025-08-25T19:27:30.889Z"}
{"level":"info","message":"Client connected: v_U5mNUed88_Z1MaAAAk","service":"blockchain-upi-backend","timestamp":"2025-08-25T19:27:30.891Z"}
{"level":"info","message":"Client v_U5mNUed88_Z1MaAAAk joined admin room","service":"blockchain-upi-backend","timestamp":"2025-08-25T19:27:30.901Z"}
{"level":"info","message":"SIGTERM received, shutting down gracefully","service":"blockchain-upi-backend","timestamp":"2025-08-25T19:31:23.042Z"}
{"level":"info","message":"Blockchain connection initialized successfully","service":"blockchain-upi-backend","timestamp":"2025-08-25T19:31:25.319Z"}
{"level":"info","message":"Server running on port 5001","service":"blockchain-upi-backend","timestamp":"2025-08-25T19:31:25.320Z"}
{"level":"info","message":"Environment: development","service":"blockchain-upi-backend","timestamp":"2025-08-25T19:31:25.320Z"}
{"level":"info","message":"SIGTERM received, shutting down gracefully","service":"blockchain-upi-backend","timestamp":"2025-08-25T19:31:38.002Z"}
{"level":"info","message":"SIGTERM received, shutting down gracefully","service":"blockchain-upi-backend","timestamp":"2025-08-25T19:31:38.002Z"}
{"level":"info","message":"Process terminated","service":"blockchain-upi-backend","timestamp":"2025-08-25T19:31:38.003Z"}
{"level":"info","message":"Blockchain connection initialized successfully","service":"blockchain-upi-backend","timestamp":"2025-08-25T19:31:40.127Z"}
{"level":"info","message":"Server running on port 5001","service":"blockchain-upi-backend","timestamp":"2025-08-25T19:31:40.128Z"}
{"level":"info","message":"Environment: development","service":"blockchain-upi-backend","timestamp":"2025-08-25T19:31:40.129Z"}
{"level":"info","message":"Client disconnected: v_U5mNUed88_Z1MaAAAk","service":"blockchain-upi-backend","timestamp":"2025-08-25T19:31:41.068Z"}
{"level":"info","message":"Process terminated","service":"blockchain-upi-backend","timestamp":"2025-08-25T19:31:41.068Z"}
{"level":"info","message":"Process terminated","service":"blockchain-upi-backend","timestamp":"2025-08-25T19:31:41.068Z"}
{"level":"info","message":"Client connected: Q9Kxop9epXAXnEEZAAAB","service":"blockchain-upi-backend","timestamp":"2025-08-25T19:31:42.534Z"}
{"level":"info","message":"Client Q9Kxop9epXAXnEEZAAAB joined admin room","service":"blockchain-upi-backend","timestamp":"2025-08-25T19:31:42.544Z"}
{"level":"info","message":"Client connected: yAKWZRiQXFZHwgHqAAAE","service":"blockchain-upi-backend","timestamp":"2025-08-25T19:32:29.084Z"}
{"level":"info","message":"Client yAKWZRiQXFZHwgHqAAAE joined admin room","service":"blockchain-upi-backend","timestamp":"2025-08-25T19:32:29.089Z"}
{"level":"info","message":"Client disconnected: Q9Kxop9epXAXnEEZAAAB","service":"blockchain-upi-backend","timestamp":"2025-08-25T19:32:52.553Z"}
{"level":"info","message":"Client connected: RB2XZaP7vHYaa-d5AAAH","service":"blockchain-upi-backend","timestamp":"2025-08-25T19:33:32.387Z"}
{"level":"info","message":"Client RB2XZaP7vHYaa-d5AAAH joined admin room","service":"blockchain-upi-backend","timestamp":"2025-08-25T19:33:32.393Z"}
{"level":"info","message":"Client disconnected: RB2XZaP7vHYaa-d5AAAH","service":"blockchain-upi-backend","timestamp":"2025-08-25T19:33:35.990Z"}
{"level":"info","message":"Client disconnected: yAKWZRiQXFZHwgHqAAAE","service":"blockchain-upi-backend","timestamp":"2025-08-25T19:34:04.126Z"}
{"level":"info","message":"Client connected: 1XkhoNz28PtrsFTCAAAJ","service":"blockchain-upi-backend","timestamp":"2025-08-25T19:34:11.739Z"}
{"level":"info","message":"Client disconnected: 1XkhoNz28PtrsFTCAAAJ","service":"blockchain-upi-backend","timestamp":"2025-08-25T19:34:11.745Z"}
{"level":"info","message":"Client connected: tXrKc5iA_BrZ21K2AAAL","service":"blockchain-upi-backend","timestamp":"2025-08-25T19:34:11.754Z"}
{"level":"info","message":"Client tXrKc5iA_BrZ21K2AAAL joined admin room","service":"blockchain-upi-backend","timestamp":"2025-08-25T19:34:11.765Z"}
{"level":"info","message":"Client connected: IKiR2t9W_6EwAa0dAAAO","service":"blockchain-upi-backend","timestamp":"2025-08-25T19:34:27.563Z"}
{"level":"info","message":"Client IKiR2t9W_6EwAa0dAAAO joined admin room","service":"blockchain-upi-backend","timestamp":"2025-08-25T19:34:27.573Z"}
{"level":"info","message":"Client disconnected: tXrKc5iA_BrZ21K2AAAL","service":"blockchain-upi-backend","timestamp":"2025-08-25T19:34:56.748Z"}
{"level":"info","message":"Client connected: eS8DPj6RF9vJkKCAAAAR","service":"blockchain-upi-backend","timestamp":"2025-08-25T19:35:28.578Z"}
{"level":"info","message":"Client eS8DPj6RF9vJkKCAAAAR joined admin room","service":"blockchain-upi-backend","timestamp":"2025-08-25T19:35:28.583Z"}
{"level":"info","message":"Client disconnected: IKiR2t9W_6EwAa0dAAAO","service":"blockchain-upi-backend","timestamp":"2025-08-25T19:36:02.573Z"}
{"level":"info","message":"Client connected: TOa9pusXvM-DsYmfAAAU","service":"blockchain-upi-backend","timestamp":"2025-08-25T19:37:06.730Z"}
{"level":"info","message":"Client TOa9pusXvM-DsYmfAAAU joined admin room","service":"blockchain-upi-backend","timestamp":"2025-08-25T19:37:06.739Z"}
{"level":"info","message":"Client disconnected: eS8DPj6RF9vJkKCAAAAR","service":"blockchain-upi-backend","timestamp":"2025-08-25T19:37:28.606Z"}
{"level":"info","message":"Client connected: Dwzjvc54LUqU_NYbAAAX","service":"blockchain-upi-backend","timestamp":"2025-08-25T19:39:07.870Z"}
{"level":"info","message":"Client Dwzjvc54LUqU_NYbAAAX joined admin room","service":"blockchain-upi-backend","timestamp":"2025-08-25T19:39:07.879Z"}
{"level":"info","message":"Client connected: K7_ostFnlOKADYNtAAAa","service":"blockchain-upi-backend","timestamp":"2025-08-25T19:39:27.128Z"}
{"level":"info","message":"Client K7_ostFnlOKADYNtAAAa joined admin room","service":"blockchain-upi-backend","timestamp":"2025-08-25T19:39:27.133Z"}
{"level":"info","message":"Client disconnected: TOa9pusXvM-DsYmfAAAU","service":"blockchain-upi-backend","timestamp":"2025-08-25T19:39:31.780Z"}
{"level":"info","message":"Client disconnected: Dwzjvc54LUqU_NYbAAAX","service":"blockchain-upi-backend","timestamp":"2025-08-25T19:39:52.868Z"}
{"level":"info","message":"Client disconnected: K7_ostFnlOKADYNtAAAa","service":"blockchain-upi-backend","timestamp":"2025-08-25T19:40:18.820Z"}
{"level":"info","message":"Client connected: n9WSX7yAo269x18GAAAc","service":"blockchain-upi-backend","timestamp":"2025-08-25T19:40:33.537Z"}
{"level":"info","message":"Client disconnected: n9WSX7yAo269x18GAAAc","service":"blockchain-upi-backend","timestamp":"2025-08-25T19:40:33.541Z"}
{"level":"info","message":"Client connected: Qi-no7H1S1rkE78WAAAe","service":"blockchain-upi-backend","timestamp":"2025-08-25T19:40:33.546Z"}
{"level":"info","message":"Client Qi-no7H1S1rkE78WAAAe joined admin room","service":"blockchain-upi-backend","timestamp":"2025-08-25T19:40:33.551Z"}
{"level":"info","message":"Client connected: nKpzEO0cMNLs4_ARAAAh","service":"blockchain-upi-backend","timestamp":"2025-08-25T19:41:39.272Z"}
{"level":"info","message":"Client nKpzEO0cMNLs4_ARAAAh joined admin room","service":"blockchain-upi-backend","timestamp":"2025-08-25T19:41:39.277Z"}
{"level":"info","message":"Client disconnected: Qi-no7H1S1rkE78WAAAe","service":"blockchain-upi-backend","timestamp":"2025-08-25T19:42:08.574Z"}
{"level":"info","message":"SIGTERM received, shutting down gracefully","service":"blockchain-upi-backend","timestamp":"2025-08-25T19:43:01.846Z"}
{"level":"info","message":"Blockchain connection initialized successfully","service":"blockchain-upi-backend","timestamp":"2025-08-25T19:43:04.051Z"}
{"level":"info","message":"Server running on port 5001","service":"blockchain-upi-backend","timestamp":"2025-08-25T19:43:04.052Z"}
{"level":"info","message":"Environment: development","service":"blockchain-upi-backend","timestamp":"2025-08-25T19:43:04.052Z"}
{"level":"info","message":"Client disconnected: nKpzEO0cMNLs4_ARAAAh","service":"blockchain-upi-backend","timestamp":"2025-08-25T19:43:19.302Z"}
{"level":"info","message":"Process terminated","service":"blockchain-upi-backend","timestamp":"2025-08-25T19:43:19.302Z"}
{"level":"info","message":"Client connected: gApSlOfw7ZtQ8S7HAAAB","service":"blockchain-upi-backend","timestamp":"2025-08-25T19:43:20.542Z"}
{"level":"info","message":"Client gApSlOfw7ZtQ8S7HAAAB joined admin room","service":"blockchain-upi-backend","timestamp":"2025-08-25T19:43:20.550Z"}
{"level":"info","message":"SIGTERM received, shutting down gracefully","service":"blockchain-upi-backend","timestamp":"2025-08-25T19:43:30.481Z"}
{"level":"info","message":"Blockchain connection initialized successfully","service":"blockchain-upi-backend","timestamp":"2025-08-25T19:43:32.613Z"}
{"level":"info","message":"Server running on port 5001","service":"blockchain-upi-backend","timestamp":"2025-08-25T19:43:32.614Z"}
{"level":"info","message":"Environment: development","service":"blockchain-upi-backend","timestamp":"2025-08-25T19:43:32.614Z"}
{"level":"info","message":"Client disconnected: gApSlOfw7ZtQ8S7HAAAB","service":"blockchain-upi-backend","timestamp":"2025-08-25T19:43:45.532Z"}
{"level":"info","message":"Process terminated","service":"blockchain-upi-backend","timestamp":"2025-08-25T19:43:45.533Z"}
{"level":"info","message":"Client connected: qkuK_9c8TaKVAHVdAAAB","service":"blockchain-upi-backend","timestamp":"2025-08-25T19:43:47.537Z"}
{"level":"info","message":"Client qkuK_9c8TaKVAHVdAAAB joined admin room","service":"blockchain-upi-backend","timestamp":"2025-08-25T19:43:47.544Z"}
{"level":"info","message":"Client disconnected: qkuK_9c8TaKVAHVdAAAB","service":"blockchain-upi-backend","timestamp":"2025-08-25T19:44:32.532Z"}
{"level":"info","message":"SIGTERM received, shutting down gracefully","service":"blockchain-upi-backend","timestamp":"2025-08-25T19:47:19.324Z"}
{"level":"info","message":"Process terminated","service":"blockchain-upi-backend","timestamp":"2025-08-25T19:47:19.325Z"}
{"level":"info","message":"Blockchain connection initialized successfully","service":"blockchain-upi-backend","timestamp":"2025-08-25T19:47:21.526Z"}
{"level":"info","message":"Server running on port 5001","service":"blockchain-upi-backend","timestamp":"2025-08-25T19:47:21.527Z"}
{"level":"info","message":"Environment: development","service":"blockchain-upi-backend","timestamp":"2025-08-25T19:47:21.528Z"}
{"level":"info","message":"Client connected: pB4j9ar5lGtMpZB2AAAB","service":"blockchain-upi-backend","timestamp":"2025-08-25T19:49:56.301Z"}
{"level":"info","message":"Client disconnected: pB4j9ar5lGtMpZB2AAAB","service":"blockchain-upi-backend","timestamp":"2025-08-25T19:49:56.310Z"}
{"level":"info","message":"Client connected: iuIgCOIJJEeDradAAAAD","service":"blockchain-upi-backend","timestamp":"2025-08-25T19:49:56.313Z"}
{"level":"info","message":"Client iuIgCOIJJEeDradAAAAD joined admin room","service":"blockchain-upi-backend","timestamp":"2025-08-25T19:49:56.321Z"}
{"level":"info","message":"Client connected: PS57-pvFb4lMOxo8AAAG","service":"blockchain-upi-backend","timestamp":"2025-08-25T19:50:00.728Z"}
{"level":"info","message":"Client PS57-pvFb4lMOxo8AAAG joined admin room","service":"blockchain-upi-backend","timestamp":"2025-08-25T19:50:00.737Z"}
{"level":"info","message":"Client disconnected: iuIgCOIJJEeDradAAAAD","service":"blockchain-upi-backend","timestamp":"2025-08-25T19:50:41.306Z"}
{"level":"info","message":"Client connected: m0S2zXVlf_oAnNOVAAAJ","service":"blockchain-upi-backend","timestamp":"2025-08-25T19:51:29.491Z"}
{"level":"info","message":"Client m0S2zXVlf_oAnNOVAAAJ joined admin room","service":"blockchain-upi-backend","timestamp":"2025-08-25T19:51:29.495Z"}
{"level":"info","message":"Client disconnected: m0S2zXVlf_oAnNOVAAAJ","service":"blockchain-upi-backend","timestamp":"2025-08-25T19:51:38.566Z"}
{"level":"info","message":"Client connected: qvw883iDRdbXAw0PAAAM","service":"blockchain-upi-backend","timestamp":"2025-08-25T19:51:38.582Z"}
{"level":"info","message":"Client disconnected: qvw883iDRdbXAw0PAAAM","service":"blockchain-upi-backend","timestamp":"2025-08-25T19:51:38.590Z"}
{"level":"info","message":"Client connected: ZoQTy8_B_HweCaEeAAAO","service":"blockchain-upi-backend","timestamp":"2025-08-25T19:51:38.594Z"}
{"level":"info","message":"Client ZoQTy8_B_HweCaEeAAAO joined admin room","service":"blockchain-upi-backend","timestamp":"2025-08-25T19:51:38.598Z"}
{"level":"info","message":"Client disconnected: ZoQTy8_B_HweCaEeAAAO","service":"blockchain-upi-backend","timestamp":"2025-08-25T19:51:46.583Z"}
{"level":"info","message":"Client connected: Cy0kaBp85OpmSZxmAAAR","service":"blockchain-upi-backend","timestamp":"2025-08-25T19:51:46.594Z"}
{"level":"info","message":"Client disconnected: Cy0kaBp85OpmSZxmAAAR","service":"blockchain-upi-backend","timestamp":"2025-08-25T19:51:46.604Z"}
{"level":"info","message":"Client connected: RFZnrpMEcU-PugRjAAAT","service":"blockchain-upi-backend","timestamp":"2025-08-25T19:51:46.605Z"}
{"level":"info","message":"Client RFZnrpMEcU-PugRjAAAT joined admin room","service":"blockchain-upi-backend","timestamp":"2025-08-25T19:51:46.609Z"}
{"level":"info","message":"Client disconnected: PS57-pvFb4lMOxo8AAAG","service":"blockchain-upi-backend","timestamp":"2025-08-25T19:52:00.753Z"}
{"level":"info","message":"Client connected: VCUbx_udnQlZqTzUAAAW","service":"blockchain-upi-backend","timestamp":"2025-08-25T20:02:37.729Z"}
{"level":"info","message":"Client VCUbx_udnQlZqTzUAAAW joined admin room","service":"blockchain-upi-backend","timestamp":"2025-08-25T20:02:37.732Z"}
{"level":"info","message":"Client disconnected: RFZnrpMEcU-PugRjAAAT","service":"blockchain-upi-backend","timestamp":"2025-08-25T20:03:21.960Z"}
{"level":"info","message":"Client connected: m4ncsMBL_dUqpSOCAAAZ","service":"blockchain-upi-backend","timestamp":"2025-08-25T20:05:19.411Z"}
{"level":"info","message":"Client m4ncsMBL_dUqpSOCAAAZ joined admin room","service":"blockchain-upi-backend","timestamp":"2025-08-25T20:05:19.416Z"}
{"level":"info","message":"Client disconnected: VCUbx_udnQlZqTzUAAAW","service":"blockchain-upi-backend","timestamp":"2025-08-25T20:05:52.777Z"}
{"level":"info","message":"Client connected: 7jxzNgxXypnraLxbAAAc","service":"blockchain-upi-backend","timestamp":"2025-08-25T20:06:45.317Z"}
{"level":"info","message":"Client 7jxzNgxXypnraLxbAAAc joined admin room","service":"blockchain-upi-backend","timestamp":"2025-08-25T20:06:45.322Z"}
{"level":"info","message":"Client disconnected: m4ncsMBL_dUqpSOCAAAZ","service":"blockchain-upi-backend","timestamp":"2025-08-25T20:07:19.454Z"}
{"level":"info","message":"Client connected: SJW7fTPP_WjAkSAZAAAf","service":"blockchain-upi-backend","timestamp":"2025-08-25T20:07:35.867Z"}
{"level":"info","message":"Client SJW7fTPP_WjAkSAZAAAf joined admin room","service":"blockchain-upi-backend","timestamp":"2025-08-25T20:07:35.871Z"}
{"level":"info","message":"Client connected: YgfAmIykRQyNO5FUAAAi","service":"blockchain-upi-backend","timestamp":"2025-08-25T20:07:57.265Z"}
{"level":"info","message":"Client YgfAmIykRQyNO5FUAAAi joined admin room","service":"blockchain-upi-backend","timestamp":"2025-08-25T20:07:57.269Z"}
{"level":"info","message":"Client connected: Ug9CwnOS-AeRxJ6DAAAl","service":"blockchain-upi-backend","timestamp":"2025-08-25T20:07:57.784Z"}
{"level":"info","message":"Client Ug9CwnOS-AeRxJ6DAAAl joined admin room","service":"blockchain-upi-backend","timestamp":"2025-08-25T20:07:57.788Z"}
{"level":"info","message":"Client connected: UOSufpJ_3yS8zJa1AAAo","service":"blockchain-upi-backend","timestamp":"2025-08-25T20:07:58.031Z"}
{"level":"info","message":"Client UOSufpJ_3yS8zJa1AAAo joined admin room","service":"blockchain-upi-backend","timestamp":"2025-08-25T20:07:58.036Z"}
{"level":"info","message":"Client disconnected: 7jxzNgxXypnraLxbAAAc","service":"blockchain-upi-backend","timestamp":"2025-08-25T20:08:20.329Z"}
{"level":"info","message":"Client disconnected: SJW7fTPP_WjAkSAZAAAf","service":"blockchain-upi-backend","timestamp":"2025-08-25T20:08:20.858Z"}
{"level":"info","message":"Client disconnected: YgfAmIykRQyNO5FUAAAi","service":"blockchain-upi-backend","timestamp":"2025-08-25T20:08:42.260Z"}
{"level":"info","message":"Client disconnected: Ug9CwnOS-AeRxJ6DAAAl","service":"blockchain-upi-backend","timestamp":"2025-08-25T20:08:42.780Z"}
{"level":"info","message":"Client disconnected: UOSufpJ_3yS8zJa1AAAo","service":"blockchain-upi-backend","timestamp":"2025-08-25T20:08:51.884Z"}
{"level":"info","message":"Client connected: Uf9J9ir008MT-5E_AAAq","service":"blockchain-upi-backend","timestamp":"2025-08-25T20:08:51.893Z"}
{"level":"info","message":"Client Uf9J9ir008MT-5E_AAAq joined admin room","service":"blockchain-upi-backend","timestamp":"2025-08-25T20:08:51.898Z"}
{"level":"info","message":"Client disconnected: Uf9J9ir008MT-5E_AAAq","service":"blockchain-upi-backend","timestamp":"2025-08-25T20:11:11.747Z"}
{"level":"info","message":"Client connected: v8EOoV5EPtKjPJ8WAAAs","service":"blockchain-upi-backend","timestamp":"2025-08-25T20:14:17.288Z"}
{"level":"info","message":"Client disconnected: v8EOoV5EPtKjPJ8WAAAs","service":"blockchain-upi-backend","timestamp":"2025-08-25T20:14:17.295Z"}
{"level":"info","message":"Client connected: V2ZKTv4WcMvB0ExeAAAu","service":"blockchain-upi-backend","timestamp":"2025-08-25T20:14:17.300Z"}
{"level":"info","message":"Client disconnected: V2ZKTv4WcMvB0ExeAAAu","service":"blockchain-upi-backend","timestamp":"2025-08-25T20:14:19.458Z"}
{"level":"info","message":"Client connected: S30s7ej8REBQiE5WAAAw","service":"blockchain-upi-backend","timestamp":"2025-08-25T20:14:19.462Z"}
{"level":"info","message":"Client disconnected: S30s7ej8REBQiE5WAAAw","service":"blockchain-upi-backend","timestamp":"2025-08-25T20:14:49.177Z"}
{"level":"info","message":"Client connected: l18t3BugMrkgZ6lbAAAz","service":"blockchain-upi-backend","timestamp":"2025-08-25T20:14:49.183Z"}
{"level":"info","message":"Client disconnected: l18t3BugMrkgZ6lbAAAz","service":"blockchain-upi-backend","timestamp":"2025-08-25T20:15:04.246Z"}
{"level":"info","message":"Client connected: Zz1IXCMEOVPbMIgFAAA1","service":"blockchain-upi-backend","timestamp":"2025-08-25T20:15:04.250Z"}
{"level":"info","message":"Client disconnected: Zz1IXCMEOVPbMIgFAAA1","service":"blockchain-upi-backend","timestamp":"2025-08-25T20:15:09.408Z"}
{"level":"info","message":"Client connected: F5azHuOit-cqyxIPAAA3","service":"blockchain-upi-backend","timestamp":"2025-08-25T20:15:27.150Z"}
{"level":"info","message":"Client disconnected: F5azHuOit-cqyxIPAAA3","service":"blockchain-upi-backend","timestamp":"2025-08-25T20:15:27.166Z"}
{"level":"info","message":"Client connected: SVNvHxbJH3q1SGhMAAA5","service":"blockchain-upi-backend","timestamp":"2025-08-25T20:15:27.166Z"}
{"level":"info","message":"Client disconnected: SVNvHxbJH3q1SGhMAAA5","service":"blockchain-upi-backend","timestamp":"2025-08-25T20:15:27.168Z"}
{"level":"info","message":"Client connected: 2AmFCwtHAjuIm9xhAAA7","service":"blockchain-upi-backend","timestamp":"2025-08-25T20:15:27.172Z"}
{"level":"info","message":"Client 2AmFCwtHAjuIm9xhAAA7 joined admin room","service":"blockchain-upi-backend","timestamp":"2025-08-25T20:15:27.175Z"}
{"level":"info","message":"Client disconnected: 2AmFCwtHAjuIm9xhAAA7","service":"blockchain-upi-backend","timestamp":"2025-08-25T20:15:54.106Z"}
{"level":"info","message":"Client connected: BLgRAOqoRxnH_ySUAAA-","service":"blockchain-upi-backend","timestamp":"2025-08-25T20:15:54.114Z"}
{"level":"info","message":"Client BLgRAOqoRxnH_ySUAAA- joined admin room","service":"blockchain-upi-backend","timestamp":"2025-08-25T20:15:54.120Z"}
{"level":"info","message":"Client disconnected: BLgRAOqoRxnH_ySUAAA-","service":"blockchain-upi-backend","timestamp":"2025-08-25T20:16:02.246Z"}
{"level":"info","message":"Client connected: 6go2_4lv7oAu4hQBAABA","service":"blockchain-upi-backend","timestamp":"2025-08-25T20:16:02.254Z"}
{"level":"info","message":"Client 6go2_4lv7oAu4hQBAABA joined admin room","service":"blockchain-upi-backend","timestamp":"2025-08-25T20:16:02.260Z"}
{"level":"info","message":"Client disconnected: 6go2_4lv7oAu4hQBAABA","service":"blockchain-upi-backend","timestamp":"2025-08-25T20:16:12.342Z"}
{"level":"info","message":"SIGTERM received, shutting down gracefully","service":"blockchain-upi-backend","timestamp":"2025-08-25T21:26:03.415Z"}
{"level":"info","message":"Process terminated","service":"blockchain-upi-backend","timestamp":"2025-08-25T21:26:03.416Z"}
{"level":"info","message":"Blockchain connection initialized successfully","service":"blockchain-upi-backend","timestamp":"2025-08-25T21:26:03.722Z"}
{"level":"info","message":"Server running on port 5001","service":"blockchain-upi-backend","timestamp":"2025-08-25T21:26:03.723Z"}
{"level":"info","message":"Environment: development","service":"blockchain-upi-backend","timestamp":"2025-08-25T21:26:03.723Z"}
{"level":"info","message":"SIGTERM received, shutting down gracefully","service":"blockchain-upi-backend","timestamp":"2025-08-25T21:29:32.760Z"}
{"level":"info","message":"Process terminated","service":"blockchain-upi-backend","timestamp":"2025-08-25T21:29:32.760Z"}
{"level":"info","message":"Blockchain connection initialized successfully","service":"blockchain-upi-backend","timestamp":"2025-08-25T21:29:55.306Z"}
{"level":"info","message":"Server running on port 5001","service":"blockchain-upi-backend","timestamp":"2025-08-25T21:29:55.308Z"}
{"level":"info","message":"Environment: development","service":"blockchain-upi-backend","timestamp":"2025-08-25T21:29:55.308Z"}
{"level":"info","message":"Client connected: TXHKSq7x578MXhBEAAAB","service":"blockchain-upi-backend","timestamp":"2025-08-25T21:30:22.140Z"}
{"level":"info","message":"Client disconnected: TXHKSq7x578MXhBEAAAB","service":"blockchain-upi-backend","timestamp":"2025-08-25T21:30:22.144Z"}
{"level":"info","message":"Client connected: q6HkP722ON3Jt-n8AAAD","service":"blockchain-upi-backend","timestamp":"2025-08-25T21:30:22.147Z"}
{"level":"info","message":"Client q6HkP722ON3Jt-n8AAAD joined admin room","service":"blockchain-upi-backend","timestamp":"2025-08-25T21:30:22.167Z"}
{"level":"info","message":"Client disconnected: q6HkP722ON3Jt-n8AAAD","service":"blockchain-upi-backend","timestamp":"2025-08-25T21:30:35.475Z"}
{"level":"info","message":"Client connected: BneyaOFWOiLIMrotAAAG","service":"blockchain-upi-backend","timestamp":"2025-08-25T21:30:35.487Z"}
{"level":"info","message":"Client BneyaOFWOiLIMrotAAAG joined admin room","service":"blockchain-upi-backend","timestamp":"2025-08-25T21:30:35.496Z"}
{"level":"info","message":"Client disconnected: BneyaOFWOiLIMrotAAAG","service":"blockchain-upi-backend","timestamp":"2025-08-25T21:30:45.426Z"}
{"level":"info","message":"Client connected: MAuZiV91jrEAfnGyAAAJ","service":"blockchain-upi-backend","timestamp":"2025-08-25T21:30:45.436Z"}
{"level":"info","message":"Client MAuZiV91jrEAfnGyAAAJ joined admin room","service":"blockchain-upi-backend","timestamp":"2025-08-25T21:30:45.442Z"}
{"level":"info","message":"Client disconnected: MAuZiV91jrEAfnGyAAAJ","service":"blockchain-upi-backend","timestamp":"2025-08-25T21:36:27.564Z"}
{"level":"info","message":"Client connected: A_lRwkY9A6DRMUXeAAAM","service":"blockchain-upi-backend","timestamp":"2025-08-25T21:36:27.573Z"}
{"level":"info","message":"Client A_lRwkY9A6DRMUXeAAAM joined admin room","service":"blockchain-upi-backend","timestamp":"2025-08-25T21:36:27.577Z"}
{"level":"info","message":"Client disconnected: A_lRwkY9A6DRMUXeAAAM","service":"blockchain-upi-backend","timestamp":"2025-08-25T21:36:30.027Z"}
{"level":"info","message":"SIGINT received, shutting down gracefully","service":"blockchain-upi-backend","timestamp":"2025-08-25T21:37:06.331Z"}
{"level":"info","message":"Process terminated","service":"blockchain-upi-backend","timestamp":"2025-08-25T21:37:06.333Z"}
{"level":"info","message":"SIGINT received, shutting down gracefully","service":"blockchain-upi-backend","timestamp":"2025-08-25T21:37:06.333Z"}
{"level":"info","message":"Process terminated","service":"blockchain-upi-backend","timestamp":"2025-08-25T21:37:06.333Z"}
{"level":"info","message":"Blockchain connection initialized successfully","service":"blockchain-upi-backend","timestamp":"2025-08-25T21:38:29.146Z"}
{"level":"info","message":"Server running on port 5001","service":"blockchain-upi-backend","timestamp":"2025-08-25T21:38:29.147Z"}
{"level":"info","message":"Environment: development","service":"blockchain-upi-backend","timestamp":"2025-08-25T21:38:29.147Z"}
{"level":"info","message":"Client connected: y4r68RgyXvmJLln5AAAB","service":"blockchain-upi-backend","timestamp":"2025-08-25T21:39:00.586Z"}
{"level":"info","message":"Client disconnected: y4r68RgyXvmJLln5AAAB","service":"blockchain-upi-backend","timestamp":"2025-08-25T21:39:00.591Z"}
{"level":"info","message":"Client connected: SdahuxLlPJH_Yir2AAAD","service":"blockchain-upi-backend","timestamp":"2025-08-25T21:39:00.592Z"}
{"level":"info","message":"Client SdahuxLlPJH_Yir2AAAD joined admin room","service":"blockchain-upi-backend","timestamp":"2025-08-25T21:39:00.595Z"}
{"level":"info","message":"Client disconnected: SdahuxLlPJH_Yir2AAAD","service":"blockchain-upi-backend","timestamp":"2025-08-25T21:39:08.500Z"}
{"level":"info","message":"Client connected: hAFnMi9JWYqByTAEAAAG","service":"blockchain-upi-backend","timestamp":"2025-08-25T21:39:08.512Z"}
{"level":"info","message":"Client hAFnMi9JWYqByTAEAAAG joined admin room","service":"blockchain-upi-backend","timestamp":"2025-08-25T21:39:08.518Z"}
{"level":"info","message":"Client disconnected: hAFnMi9JWYqByTAEAAAG","service":"blockchain-upi-backend","timestamp":"2025-08-25T21:39:32.344Z"}
{"level":"info","message":"Client connected: e9VmKTXB6zhlSwg3AAAJ","service":"blockchain-upi-backend","timestamp":"2025-08-25T21:39:32.352Z"}
{"level":"info","message":"Client e9VmKTXB6zhlSwg3AAAJ joined admin room","service":"blockchain-upi-backend","timestamp":"2025-08-25T21:39:32.357Z"}
{"level":"info","message":"Client disconnected: e9VmKTXB6zhlSwg3AAAJ","service":"blockchain-upi-backend","timestamp":"2025-08-25T21:39:37.745Z"}
{"level":"info","message":"Client connected: LVuhfIDTn4IUIF0FAAAL","service":"blockchain-upi-backend","timestamp":"2025-08-25T21:39:55.570Z"}
{"level":"info","message":"Client disconnected: LVuhfIDTn4IUIF0FAAAL","service":"blockchain-upi-backend","timestamp":"2025-08-25T21:39:55.575Z"}
{"level":"info","message":"Client connected: NvP6mv3zIu8eeAh2AAAO","service":"blockchain-upi-backend","timestamp":"2025-08-25T21:39:55.580Z"}
{"level":"info","message":"Client disconnected: NvP6mv3zIu8eeAh2AAAO","service":"blockchain-upi-backend","timestamp":"2025-08-25T21:40:06.363Z"}
{"level":"info","message":"Client connected: B6O5LGdvK2kWg8lOAAAR","service":"blockchain-upi-backend","timestamp":"2025-08-25T21:40:06.374Z"}
{"level":"info","message":"Client disconnected: B6O5LGdvK2kWg8lOAAAR","service":"blockchain-upi-backend","timestamp":"2025-08-25T21:40:10.040Z"}
{"level":"info","message":"Client connected: OqwaM0uhrtbHRivEAAAT","service":"blockchain-upi-backend","timestamp":"2025-08-25T21:40:29.155Z"}
{"level":"info","message":"Client disconnected: OqwaM0uhrtbHRivEAAAT","service":"blockchain-upi-backend","timestamp":"2025-08-25T21:40:29.159Z"}
{"level":"info","message":"Client connected: byqmowDAVuR8zhC-AAAV","service":"blockchain-upi-backend","timestamp":"2025-08-25T21:40:29.159Z"}
{"level":"info","message":"Client byqmowDAVuR8zhC-AAAV joined admin room","service":"blockchain-upi-backend","timestamp":"2025-08-25T21:40:29.165Z"}
{"level":"info","message":"Client disconnected: byqmowDAVuR8zhC-AAAV","service":"blockchain-upi-backend","timestamp":"2025-08-25T21:40:39.908Z"}
{"level":"info","message":"Blockchain connection initialized successfully","service":"blockchain-upi-backend","timestamp":"2025-09-11T11:00:43.770Z"}
{"level":"info","message":"Server running on port 5001","service":"blockchain-upi-backend","timestamp":"2025-09-11T11:00:43.771Z"}
{"level":"info","message":"Environment: development","service":"blockchain-upi-backend","timestamp":"2025-09-11T11:00:43.771Z"}
{"level":"info","message":"Client connected: RzE_-x5-x892jpTRAAAB","service":"blockchain-upi-backend","timestamp":"2025-09-11T11:07:22.955Z"}
{"level":"info","message":"Client disconnected: RzE_-x5-x892jpTRAAAB","service":"blockchain-upi-backend","timestamp":"2025-09-11T11:07:22.959Z"}
{"level":"info","message":"Client connected: UqBv4lcZNGAFfWgQAAAE","service":"blockchain-upi-backend","timestamp":"2025-09-11T11:07:22.967Z"}
{"level":"info","message":"Client connected: VhFoy9kGDidhEbkqAAAH","service":"blockchain-upi-backend","timestamp":"2025-09-11T11:38:20.895Z"}
{"level":"info","message":"Client connected: o-mwXWJcbR71cSOVAAAK","service":"blockchain-upi-backend","timestamp":"2025-09-11T11:38:24.662Z"}
{"level":"info","message":"Client connected: koWf36abHzrqMCTEAAAN","service":"blockchain-upi-backend","timestamp":"2025-09-11T11:38:25.475Z"}
{"level":"info","message":"Client disconnected: UqBv4lcZNGAFfWgQAAAE","service":"blockchain-upi-backend","timestamp":"2025-09-11T11:38:59.073Z"}
{"level":"info","message":"Client disconnected: VhFoy9kGDidhEbkqAAAH","service":"blockchain-upi-backend","timestamp":"2025-09-11T11:39:05.892Z"}
{"level":"info","message":"Client disconnected: o-mwXWJcbR71cSOVAAAK","service":"blockchain-upi-backend","timestamp":"2025-09-11T11:39:09.660Z"}
{"level":"info","message":"Client disconnected: koWf36abHzrqMCTEAAAN","service":"blockchain-upi-backend","timestamp":"2025-09-11T11:40:11.387Z"}
{"level":"info","message":"Client connected: l994QX4UZCL0vTX2AAAQ","service":"blockchain-upi-backend","timestamp":"2025-09-11T11:40:11.397Z"}
{"level":"info","message":"Blockchain connection initialized successfully","service":"blockchain-upi-backend","timestamp":"2025-09-11T11:40:11.888Z"}
{"level":"info","message":"Server running on port 5001","service":"blockchain-upi-backend","timestamp":"2025-09-11T11:40:11.889Z"}
{"level":"info","message":"Environment: development","service":"blockchain-upi-backend","timestamp":"2025-09-11T11:40:11.889Z"}
{"level":"info","message":"Client connected: lv519-yE7vSuwClIAAAB","service":"blockchain-upi-backend","timestamp":"2025-09-11T11:40:13.134Z"}
{"level":"info","message":"Client disconnected: lv519-yE7vSuwClIAAAB","service":"blockchain-upi-backend","timestamp":"2025-09-11T11:40:22.424Z"}
{"level":"info","message":"Client connected: lW7JcsfPiqYgWpWSAAAD","service":"blockchain-upi-backend","timestamp":"2025-09-11T11:41:02.277Z"}
{"level":"info","message":"Client disconnected: lW7JcsfPiqYgWpWSAAAD","service":"blockchain-upi-backend","timestamp":"2025-09-11T11:41:02.287Z"}
{"level":"info","message":"Client connected: S-TS_bdqaXff5fmQAAAG","service":"blockchain-upi-backend","timestamp":"2025-09-11T11:41:02.293Z"}
{"level":"info","message":"Client disconnected: S-TS_bdqaXff5fmQAAAG","service":"blockchain-upi-backend","timestamp":"2025-09-11T11:41:18.522Z"}
{"level":"info","message":"Client connected: TMbdgHtyg_9DZZ9UAAAI","service":"blockchain-upi-backend","timestamp":"2025-09-11T11:51:20.953Z"}
{"level":"info","message":"Client disconnected: TMbdgHtyg_9DZZ9UAAAI","service":"blockchain-upi-backend","timestamp":"2025-09-11T11:51:20.959Z"}
{"level":"info","message":"Client connected: XYbpmmph7q654S-JAAAL","service":"blockchain-upi-backend","timestamp":"2025-09-11T11:51:20.964Z"}
{"level":"info","message":"Client disconnected: XYbpmmph7q654S-JAAAL","service":"blockchain-upi-backend","timestamp":"2025-09-11T11:51:32.669Z"}
{"level":"info","message":"Client connected: Y4tNZqqw3W06f5WOAAAO","service":"blockchain-upi-backend","timestamp":"2025-09-11T11:51:32.680Z"}
{"level":"info","message":"Client connected: CQoyaova-9XYV8eIAAAR","service":"blockchain-upi-backend","timestamp":"2025-09-11T11:54:23.586Z"}
{"level":"info","message":"Client disconnected: Y4tNZqqw3W06f5WOAAAO","service":"blockchain-upi-backend","timestamp":"2025-09-11T11:54:47.741Z"}
{"level":"info","message":"Client disconnected: CQoyaova-9XYV8eIAAAR","service":"blockchain-upi-backend","timestamp":"2025-09-11T11:58:15.973Z"}
{"level":"info","message":"Client connected: yBYtYC4z_svULx78AAAT","service":"blockchain-upi-backend","timestamp":"2025-09-11T11:58:15.975Z"}
{"level":"info","message":"Client disconnected: yBYtYC4z_svULx78AAAT","service":"blockchain-upi-backend","timestamp":"2025-09-11T11:58:47.857Z"}
{"level":"info","message":"Client connected: RlczTcPmWTZgi3s_AAAX","service":"blockchain-upi-backend","timestamp":"2025-09-11T11:58:48.029Z"}
{"level":"info","message":"Client disconnected: RlczTcPmWTZgi3s_AAAX","service":"blockchain-upi-backend","timestamp":"2025-09-11T12:05:31.683Z"}
{"level":"info","message":"Blockchain connection initialized successfully","service":"blockchain-upi-backend","timestamp":"2025-09-11T12:05:55.994Z"}
{"level":"info","message":"Server running on port 5001","service":"blockchain-upi-backend","timestamp":"2025-09-11T12:05:55.996Z"}
{"level":"info","message":"Environment: development","service":"blockchain-upi-backend","timestamp":"2025-09-11T12:05:55.996Z"}
{"level":"info","message":"Blockchain connection initialized successfully","service":"blockchain-upi-backend","timestamp":"2025-09-11T12:06:22.650Z"}
{"level":"info","message":"Server running on port 5001","service":"blockchain-upi-backend","timestamp":"2025-09-11T12:06:22.651Z"}
{"level":"info","message":"Environment: development","service":"blockchain-upi-backend","timestamp":"2025-09-11T12:06:22.652Z"}
{"body":{},"headers":{"user-agent":"curl/8.7.1"},"ip":"::1","level":"error","message":"Request error Unexpected token 'u', \"upiID:testadmin@npci\" is not valid JSON","method":"POST","params":{},"path":"/api/auth/login","query":{},"requestId":null,"service":"blockchain-upi-backend","stack":"SyntaxError: Unexpected token 'u', \"upiID:testadmin@npci\" is not valid JSON\n    at JSON.parse (<anonymous>)\n    at createStrictSyntaxError (/Users/ramakotirk/Downloads/Mini Projects/Block Chain UPI copy/backend/node_modules/body-parser/lib/types/json.js:169:10)\n    at parse (/Users/ramakotirk/Downloads/Mini Projects/Block Chain UPI copy/backend/node_modules/body-parser/lib/types/json.js:86:15)\n    at /Users/ramakotirk/Downloads/Mini Projects/Block Chain UPI copy/backend/node_modules/body-parser/lib/read.js:128:18\n    at AsyncResource.runInAsyncScope (node:async_hooks:214:14)\n    at invokeCallback (/Users/ramakotirk/Downloads/Mini Projects/Block Chain UPI copy/backend/node_modules/raw-body/index.js:238:16)\n    at done (/Users/ramakotirk/Downloads/Mini Projects/Block Chain UPI copy/backend/node_modules/raw-body/index.js:227:7)\n    at IncomingMessage.onEnd (/Users/ramakotirk/Downloads/Mini Projects/Block Chain UPI copy/backend/node_modules/raw-body/index.js:287:7)\n    at IncomingMessage.emit (node:events:508:28)\n    at endReadableNT (node:internal/streams/readable:1701:12)","status":400,"timestamp":"2025-09-11T12:07:06.320Z"}
{"level":"info","message":"Blockchain connection initialized successfully","service":"blockchain-upi-backend","timestamp":"2025-09-11T12:08:51.256Z"}
{"level":"info","message":"Server running on port 5001","service":"blockchain-upi-backend","timestamp":"2025-09-11T12:08:51.257Z"}
{"level":"info","message":"Environment: development","service":"blockchain-upi-backend","timestamp":"2025-09-11T12:08:51.257Z"}
{"level":"info","message":"Blockchain connection initialized successfully","service":"blockchain-upi-backend","timestamp":"2025-09-11T12:10:01.695Z"}
{"level":"info","message":"Server running on port 5001","service":"blockchain-upi-backend","timestamp":"2025-09-11T12:10:01.696Z"}
{"level":"info","message":"Environment: development","service":"blockchain-upi-backend","timestamp":"2025-09-11T12:10:01.697Z"}
{"level":"info","message":"SIGTERM received, shutting down gracefully","service":"blockchain-upi-backend","timestamp":"2025-09-11T12:11:14.454Z"}
{"level":"info","message":"Process terminated","service":"blockchain-upi-backend","timestamp":"2025-09-11T12:11:14.454Z"}
{"level":"info","message":"Blockchain connection initialized successfully","service":"blockchain-upi-backend","timestamp":"2025-09-11T12:11:22.654Z"}
{"level":"info","message":"Server running on port 5001","service":"blockchain-upi-backend","timestamp":"2025-09-11T12:11:22.656Z"}
{"level":"info","message":"Environment: development","service":"blockchain-upi-backend","timestamp":"2025-09-11T12:11:22.656Z"}
{"level":"info","message":"Validate UPI requested","requestId":"3bd62a81-9dd9-4100-b108-c601102e5d18","service":"blockchain-upi-backend","timestamp":"2025-09-11T12:11:31.496Z","upiID":"testuser1@bank1"}
{"exists":true,"level":"info","message":"Account existence checked","requestId":"3bd62a81-9dd9-4100-b108-c601102e5d18","service":"blockchain-upi-backend","timestamp":"2025-09-11T12:11:31.496Z","upiID":"testuser1@bank1"}
{"bankCode":"BANK1","isActive":true,"level":"info","message":"Account details fetched","requestId":"3bd62a81-9dd9-4100-b108-c601102e5d18","service":"blockchain-upi-backend","timestamp":"2025-09-11T12:11:31.496Z","upiID":"testuser1@bank1"}
{"level":"info","message":"SIGINT received, shutting down gracefully","service":"blockchain-upi-backend","timestamp":"2025-09-11T12:11:48.886Z"}
{"level":"info","message":"Process terminated","service":"blockchain-upi-backend","timestamp":"2025-09-11T12:11:48.887Z"}
{"level":"info","message":"Blockchain connection initialized successfully","service":"blockchain-upi-backend","timestamp":"2025-09-11T12:14:05.047Z"}
{"level":"info","message":"Server running on port 5001","service":"blockchain-upi-backend","timestamp":"2025-09-11T12:14:05.048Z"}
{"level":"info","message":"Environment: development","service":"blockchain-upi-backend","timestamp":"2025-09-11T12:14:05.048Z"}
{"level":"info","message":"Client connected: 38dKfQwtq8t9OVEIAAAB","service":"blockchain-upi-backend","timestamp":"2025-09-11T12:16:00.324Z"}
{"level":"info","message":"Client disconnected: 38dKfQwtq8t9OVEIAAAB","service":"blockchain-upi-backend","timestamp":"2025-09-11T12:16:00.328Z"}
{"level":"info","message":"Client connected: jmJ8BU74nw3PE_fkAAAE","service":"blockchain-upi-backend","timestamp":"2025-09-11T12:16:00.350Z"}
{"level":"info","message":"Validate UPI requested","requestId":"6ff02c39-3c0c-43f2-ae09-93f591c4b826","service":"blockchain-upi-backend","timestamp":"2025-09-11T12:16:13.961Z","upiID":"testuser2@bank2"}
{"exists":true,"level":"info","message":"Account existence checked","requestId":"6ff02c39-3c0c-43f2-ae09-93f591c4b826","service":"blockchain-upi-backend","timestamp":"2025-09-11T12:16:13.962Z","upiID":"testuser2@bank2"}
{"bankCode":"BANK2","isActive":true,"level":"info","message":"Account details fetched","requestId":"6ff02c39-3c0c-43f2-ae09-93f591c4b826","service":"blockchain-upi-backend","timestamp":"2025-09-11T12:16:13.962Z","upiID":"testuser2@bank2"}
{"amount":2550,"deviceID":"test002","fromUPIID":"testuser1@bank1","ipAddress":"::1","level":"info","message":"Initiate transfer requested","service":"blockchain-upi-backend","timestamp":"2025-09-11T12:16:31.707Z","toUPIID":"testuser2@bank2"}
{"challengeID":"CHL_1757592991708_f6ade1cd2e67","expiresAt":"2025-09-11T12:18:31.708Z","fromUPIID":"testuser1@bank1","level":"info","message":"MFA challenge created","n":2,"service":"blockchain-upi-backend","timestamp":"2025-09-11T12:16:31.708Z","toUPIID":"testuser2@bank2","type":"UPI_ID_LAST_DIGITS"}
{"amount":2550,"challengeID":"CHL_1757592991708_f6ade1cd2e67","deviceID":"test002","fromUPIID":"testuser1@bank1","ipAddress":"::1","level":"info","message":"Verify transfer requested","service":"blockchain-upi-backend","timestamp":"2025-09-11T12:16:50.670Z","toUPIID":"testuser2@bank2"}
{"attemptsLeft":2,"challengeID":"CHL_1757592991708_f6ade1cd2e67","code":"WRONG_ANSWER","fromUPIID":"testuser1@bank1","level":"warn","message":"MFA verification failed Incorrect answer","service":"blockchain-upi-backend","timestamp":"2025-09-11T12:16:50.672Z","toUPIID":"testuser2@bank2"}
{"amount":2550,"challengeID":"CHL_1757592991708_f6ade1cd2e67","deviceID":"test002","fromUPIID":"testuser1@bank1","ipAddress":"::1","level":"info","message":"Verify transfer requested","service":"blockchain-upi-backend","timestamp":"2025-09-11T12:16:52.955Z","toUPIID":"testuser2@bank2"}
{"attemptsLeft":1,"challengeID":"CHL_1757592991708_f6ade1cd2e67","code":"WRONG_ANSWER","fromUPIID":"testuser1@bank1","level":"warn","message":"MFA verification failed Incorrect answer","service":"blockchain-upi-backend","timestamp":"2025-09-11T12:16:52.955Z","toUPIID":"testuser2@bank2"}
{"amount":2550,"challengeID":"CHL_1757592991708_f6ade1cd2e67","deviceID":"test002","fromUPIID":"testuser1@bank1","ipAddress":"::1","level":"info","message":"Verify transfer requested","service":"blockchain-upi-backend","timestamp":"2025-09-11T12:17:12.090Z","toUPIID":"testuser2@bank2"}
{"attemptsLeft":0,"challengeID":"CHL_1757592991708_f6ade1cd2e67","code":"MAX_ATTEMPTS","fromUPIID":"testuser1@bank1","level":"warn","message":"MFA verification failed Maximum attempts exceeded. Challenge invalidated.","service":"blockchain-upi-backend","timestamp":"2025-09-11T12:17:12.091Z","toUPIID":"testuser2@bank2"}
{"level":"info","message":"Client disconnected: jmJ8BU74nw3PE_fkAAAE","service":"blockchain-upi-backend","timestamp":"2025-09-11T12:17:16.195Z"}
{"level":"info","message":"Client connected: K7xRqKsOJgRW7ZKDAAAH","service":"blockchain-upi-backend","timestamp":"2025-09-11T12:17:16.296Z"}
{"level":"info","message":"Validate UPI requested","requestId":"de81ae80-b239-4f87-8dc6-391b04156f21","service":"blockchain-upi-backend","timestamp":"2025-09-11T12:17:26.808Z","upiID":"testuser2@bank2"}
{"exists":true,"level":"info","message":"Account existence checked","requestId":"de81ae80-b239-4f87-8dc6-391b04156f21","service":"blockchain-upi-backend","timestamp":"2025-09-11T12:17:26.809Z","upiID":"testuser2@bank2"}
{"bankCode":"BANK2","isActive":true,"level":"info","message":"Account details fetched","requestId":"de81ae80-b239-4f87-8dc6-391b04156f21","service":"blockchain-upi-backend","timestamp":"2025-09-11T12:17:26.809Z","upiID":"testuser2@bank2"}
{"amount":2549.97,"deviceID":"test002","fromUPIID":"testuser1@bank1","ipAddress":"::1","level":"info","message":"Initiate transfer requested","service":"blockchain-upi-backend","timestamp":"2025-09-11T12:17:34.636Z","toUPIID":"testuser2@bank2"}
{"challengeID":"CHL_1757593054637_94bba1de3048","expiresAt":"2025-09-11T12:19:34.637Z","fromUPIID":"testuser1@bank1","level":"info","message":"MFA challenge created","n":2,"service":"blockchain-upi-backend","timestamp":"2025-09-11T12:17:34.637Z","toUPIID":"testuser2@bank2","type":"UPI_ID_LAST_DIGITS"}
{"amount":2549.97,"challengeID":"CHL_1757593054637_94bba1de3048","deviceID":"test002","fromUPIID":"testuser1@bank1","ipAddress":"::1","level":"info","message":"Verify transfer requested","service":"blockchain-upi-backend","timestamp":"2025-09-11T12:19:02.715Z","toUPIID":"testuser2@bank2"}
{"attemptsLeft":2,"challengeID":"CHL_1757593054637_94bba1de3048","code":"WRONG_ANSWER","fromUPIID":"testuser1@bank1","level":"warn","message":"MFA verification failed Incorrect answer","service":"blockchain-upi-backend","timestamp":"2025-09-11T12:19:02.716Z","toUPIID":"testuser2@bank2"}
{"amount":2549.97,"deviceID":"test002","fromUPIID":"testuser1@bank1","ipAddress":"::1","level":"info","message":"Initiate transfer requested","service":"blockchain-upi-backend","timestamp":"2025-09-11T12:20:19.606Z","toUPIID":"testuser2@bank2"}
{"challengeID":"CHL_1757593219607_45b1a7bea51e","expiresAt":"2025-09-11T12:22:19.607Z","fromUPIID":"testuser1@bank1","level":"info","message":"MFA challenge created","n":1,"service":"blockchain-upi-backend","timestamp":"2025-09-11T12:20:19.607Z","toUPIID":"testuser2@bank2","type":"RECIPIENT_NAME_PREFIX"}
{"amount":2549.97,"challengeID":"CHL_1757593219607_45b1a7bea51e","deviceID":"test002","fromUPIID":"testuser1@bank1","ipAddress":"::1","level":"info","message":"Verify transfer requested","service":"blockchain-upi-backend","timestamp":"2025-09-11T12:20:21.189Z","toUPIID":"testuser2@bank2"}
{"attemptsLeft":2,"challengeID":"CHL_1757593219607_45b1a7bea51e","code":"WRONG_ANSWER","fromUPIID":"testuser1@bank1","level":"warn","message":"MFA verification failed Incorrect answer","service":"blockchain-upi-backend","timestamp":"2025-09-11T12:20:21.189Z","toUPIID":"testuser2@bank2"}
{"amount":2549.97,"challengeID":"CHL_1757593219607_45b1a7bea51e","deviceID":"test002","fromUPIID":"testuser1@bank1","ipAddress":"::1","level":"info","message":"Verify transfer requested","service":"blockchain-upi-backend","timestamp":"2025-09-11T12:20:22.204Z","toUPIID":"testuser2@bank2"}
{"attemptsLeft":1,"challengeID":"CHL_1757593219607_45b1a7bea51e","code":"WRONG_ANSWER","fromUPIID":"testuser1@bank1","level":"warn","message":"MFA verification failed Incorrect answer","service":"blockchain-upi-backend","timestamp":"2025-09-11T12:20:22.205Z","toUPIID":"testuser2@bank2"}
{"amount":2549.97,"challengeID":"CHL_1757593219607_45b1a7bea51e","deviceID":"test002","fromUPIID":"testuser1@bank1","ipAddress":"::1","level":"info","message":"Verify transfer requested","service":"blockchain-upi-backend","timestamp":"2025-09-11T12:20:44.291Z","toUPIID":"testuser2@bank2"}
{"attemptsLeft":0,"challengeID":"CHL_1757593219607_45b1a7bea51e","code":"MAX_ATTEMPTS","fromUPIID":"testuser1@bank1","level":"warn","message":"MFA verification failed Maximum attempts exceeded. Challenge invalidated.","service":"blockchain-upi-backend","timestamp":"2025-09-11T12:20:44.291Z","toUPIID":"testuser2@bank2"}
{"level":"info","message":"Client disconnected: K7xRqKsOJgRW7ZKDAAAH","service":"blockchain-upi-backend","timestamp":"2025-09-11T12:31:28.089Z"}
{"level":"info","message":"Client connected: EYpWL3IkSDxf22YZAAAJ","service":"blockchain-upi-backend","timestamp":"2025-09-11T12:31:29.282Z"}
{"amount":2550,"deviceID":"test002","fromUPIID":"testuser1@bank1","ipAddress":"::1","level":"info","message":"Initiate transfer requested","service":"blockchain-upi-backend","timestamp":"2025-09-11T12:40:43.855Z","toUPIID":"testuser2@bank2"}
{"challengeID":"CHL_1757594443875_9b9e9e65e712","expiresAt":"2025-09-11T12:42:43.875Z","fromUPIID":"testuser1@bank1","level":"info","message":"MFA challenge created","n":4,"service":"blockchain-upi-backend","timestamp":"2025-09-11T12:40:43.875Z","toUPIID":"testuser2@bank2","type":"AMOUNT_DIGIT_SUM"}
{"amount":2550,"challengeID":"CHL_1757594443875_9b9e9e65e712","deviceID":"test002","fromUPIID":"testuser1@bank1","ipAddress":"::1","level":"info","message":"Verify transfer requested","service":"blockchain-upi-backend","timestamp":"2025-09-11T12:40:47.669Z","toUPIID":"testuser2@bank2"}
{"body":{"amount":2550,"answer":"12","challengeID":"CHL_1757594443875_9b9e9e65e712","deviceID":"test002","toUPIID":"testuser2@bank2"},"level":"error","message":"Verify transfer error Insufficient balance","service":"blockchain-upi-backend","stack":"Error: Insufficient balance\n    at BlockchainService.transfer (/Users/ramakotirk/Downloads/Mini Projects/Block Chain UPI copy/backend/services/blockchainService.js:70:15)\n    at /Users/ramakotirk/Downloads/Mini Projects/Block Chain UPI copy/backend/routes/transactions.js:124:49\n    at process.processTicksAndRejections (node:internal/process/task_queues:105:5)","timestamp":"2025-09-11T12:40:47.670Z","user":"testuser1@bank1"}
{"amount":2550,"challengeID":"CHL_1757594443875_9b9e9e65e712","deviceID":"test002","fromUPIID":"testuser1@bank1","ipAddress":"::1","level":"info","message":"Verify transfer requested","service":"blockchain-upi-backend","timestamp":"2025-09-11T12:40:48.634Z","toUPIID":"testuser2@bank2"}
{"attemptsLeft":0,"challengeID":"CHL_1757594443875_9b9e9e65e712","code":"NOT_FOUND","fromUPIID":"testuser1@bank1","level":"warn","message":"MFA verification failed Challenge not found or expired","service":"blockchain-upi-backend","timestamp":"2025-09-11T12:40:48.634Z","toUPIID":"testuser2@bank2"}
{"amount":550,"deviceID":"test002","fromUPIID":"testuser1@bank1","ipAddress":"::1","level":"info","message":"Initiate transfer requested","service":"blockchain-upi-backend","timestamp":"2025-09-11T12:40:58.962Z","toUPIID":"testuser2@bank2"}
{"challengeID":"CHL_1757594458962_a27a0978209a","expiresAt":"2025-09-11T12:42:58.962Z","fromUPIID":"testuser1@bank1","level":"info","message":"MFA challenge created","n":3,"service":"blockchain-upi-backend","timestamp":"2025-09-11T12:40:58.962Z","toUPIID":"testuser2@bank2","type":"AMOUNT_DIGIT_SUM"}
{"amount":550,"challengeID":"CHL_1757594458962_a27a0978209a","deviceID":"test002","fromUPIID":"testuser1@bank1","ipAddress":"::1","level":"info","message":"Verify transfer requested","service":"blockchain-upi-backend","timestamp":"2025-09-11T12:41:06.445Z","toUPIID":"testuser2@bank2"}
{"amount":550,"fraudDetected":false,"fromUPIID":"testuser1@bank1","level":"info","message":"Transfer executed","service":"blockchain-upi-backend","status":"COMPLETED","timestamp":"2025-09-11T12:41:06.447Z","toUPIID":"testuser2@bank2","transactionID":"TXN_1757594466446_lc38c5pdw"}
{"level":"info","message":"Client disconnected: EYpWL3IkSDxf22YZAAAJ","service":"blockchain-upi-backend","timestamp":"2025-09-11T12:41:06.465Z"}
{"level":"info","message":"Client connected: GIyyx-WXvWBMjcMgAAAM","service":"blockchain-upi-backend","timestamp":"2025-09-11T12:41:06.483Z"}
{"level":"info","message":"Blockchain connection initialized successfully","service":"blockchain-upi-backend","timestamp":"2025-09-11T12:41:07.330Z"}
{"level":"info","message":"Server running on port 5001","service":"blockchain-upi-backend","timestamp":"2025-09-11T12:41:07.332Z"}
{"level":"info","message":"Environment: development","service":"blockchain-upi-backend","timestamp":"2025-09-11T12:41:07.332Z"}
{"level":"info","message":"Client connected: vZ2KUj_7W5WqKfz7AAAB","service":"blockchain-upi-backend","timestamp":"2025-09-11T12:41:08.177Z"}
{"level":"info","message":"Client disconnected: vZ2KUj_7W5WqKfz7AAAB","service":"blockchain-upi-backend","timestamp":"2025-09-11T12:41:22.027Z"}
{"level":"info","message":"Client connected: IPQTG6yOOTvdL-SkAAAD","service":"blockchain-upi-backend","timestamp":"2025-09-11T12:41:22.032Z"}
{"level":"info","message":"Client disconnected: IPQTG6yOOTvdL-SkAAAD","service":"blockchain-upi-backend","timestamp":"2025-09-11T12:41:22.033Z"}
{"level":"info","message":"Client connected: HFlz55FVePe3laokAAAF","service":"blockchain-upi-backend","timestamp":"2025-09-11T12:41:22.045Z"}
{"level":"info","message":"Validate UPI requested","requestId":"b2d92aee-efc7-4018-904d-237ad03682a1","service":"blockchain-upi-backend","timestamp":"2025-09-11T13:03:37.826Z","upiID":"testuser2@bank2"}
{"exists":true,"level":"info","message":"Account existence checked","requestId":"b2d92aee-efc7-4018-904d-237ad03682a1","service":"blockchain-upi-backend","timestamp":"2025-09-11T13:03:37.827Z","upiID":"testuser2@bank2"}
{"bankCode":"BANK2","isActive":true,"level":"info","message":"Account details fetched","requestId":"b2d92aee-efc7-4018-904d-237ad03682a1","service":"blockchain-upi-backend","timestamp":"2025-09-11T13:03:37.827Z","upiID":"testuser2@bank2"}
{"amount":550,"deviceID":"test002","fromUPIID":"testuser1@bank1","ipAddress":"::1","level":"info","message":"Initiate transfer requested","service":"blockchain-upi-backend","timestamp":"2025-09-11T13:03:45.016Z","toUPIID":"testuser2@bank2"}
{"challengeID":"CHL_1757595825017_223c442cfa9c","expiresAt":"2025-09-11T13:05:45.017Z","fromUPIID":"testuser1@bank1","level":"info","message":"MFA challenge created","n":2,"service":"blockchain-upi-backend","timestamp":"2025-09-11T13:03:45.017Z","toUPIID":"testuser2@bank2","type":"UPI_ID_LAST_DIGITS"}
{"amount":550,"challengeID":"CHL_1757595825017_223c442cfa9c","deviceID":"test002","fromUPIID":"testuser1@bank1","ipAddress":"::1","level":"info","message":"Verify transfer requested","service":"blockchain-upi-backend","timestamp":"2025-09-11T13:03:57.683Z","toUPIID":"testuser2@bank2"}
{"attemptsLeft":2,"challengeID":"CHL_1757595825017_223c442cfa9c","code":"WRONG_ANSWER","fromUPIID":"testuser1@bank1","level":"warn","message":"MFA verification failed Incorrect answer","service":"blockchain-upi-backend","timestamp":"2025-09-11T13:03:57.684Z","toUPIID":"testuser2@bank2"}
{"level":"info","message":"Client disconnected: HFlz55FVePe3laokAAAF","service":"blockchain-upi-backend","timestamp":"2025-09-11T13:04:08.148Z"}
{"level":"info","message":"Client connected: gCrPdMhuandUmv_HAAAI","service":"blockchain-upi-backend","timestamp":"2025-09-11T13:04:08.260Z"}
{"level":"info","message":"Validate UPI requested","requestId":"ddbe781a-5f7a-4238-9f4d-36c6599d91a8","service":"blockchain-upi-backend","timestamp":"2025-09-11T13:04:18.435Z","upiID":"testuser2@bank2"}
{"exists":true,"level":"info","message":"Account existence checked","requestId":"ddbe781a-5f7a-4238-9f4d-36c6599d91a8","service":"blockchain-upi-backend","timestamp":"2025-09-11T13:04:18.435Z","upiID":"testuser2@bank2"}
{"bankCode":"BANK2","isActive":true,"level":"info","message":"Account details fetched","requestId":"ddbe781a-5f7a-4238-9f4d-36c6599d91a8","service":"blockchain-upi-backend","timestamp":"2025-09-11T13:04:18.435Z","upiID":"testuser2@bank2"}
{"amount":550,"deviceID":"test002","fromUPIID":"testuser1@bank1","ipAddress":"::1","level":"info","message":"Initiate transfer requested","service":"blockchain-upi-backend","timestamp":"2025-09-11T13:04:28.632Z","toUPIID":"testuser2@bank2"}
{"challengeID":"CHL_1757595868650_7031aa5af518","expiresAt":"2025-09-11T13:06:28.650Z","fromUPIID":"testuser1@bank1","level":"info","message":"MFA challenge created","n":3,"service":"blockchain-upi-backend","timestamp":"2025-09-11T13:04:28.650Z","toUPIID":"testuser2@bank2","type":"AMOUNT_DIGIT_SUM"}
{"amount":550,"challengeID":"CHL_1757595868650_7031aa5af518","deviceID":"test002","fromUPIID":"testuser1@bank1","ipAddress":"::1","level":"info","message":"Verify transfer requested","service":"blockchain-upi-backend","timestamp":"2025-09-11T13:04:32.481Z","toUPIID":"testuser2@bank2"}
{"amount":550,"fraudDetected":false,"fromUPIID":"testuser1@bank1","level":"info","message":"Transfer executed","service":"blockchain-upi-backend","status":"COMPLETED","timestamp":"2025-09-11T13:04:32.484Z","toUPIID":"testuser2@bank2","transactionID":"TXN_1757595872482_e1k7b8flz"}
{"level":"info","message":"Client disconnected: gCrPdMhuandUmv_HAAAI","service":"blockchain-upi-backend","timestamp":"2025-09-11T13:04:32.502Z"}
{"level":"info","message":"Client connected: wwxzoFm8qvxF8iPQAAAK","service":"blockchain-upi-backend","timestamp":"2025-09-11T13:04:32.506Z"}
{"level":"info","message":"Client disconnected: wwxzoFm8qvxF8iPQAAAK","service":"blockchain-upi-backend","timestamp":"2025-09-11T13:04:32.507Z"}
{"level":"info","message":"Client connected: O8sYR7gg7dmXypOgAAAM","service":"blockchain-upi-backend","timestamp":"2025-09-11T13:04:32.516Z"}
{"level":"info","message":"Blockchain connection initialized successfully","service":"blockchain-upi-backend","timestamp":"2025-09-11T13:04:32.888Z"}
{"level":"info","message":"Server running on port 5001","service":"blockchain-upi-backend","timestamp":"2025-09-11T13:04:32.889Z"}
{"level":"info","message":"Environment: development","service":"blockchain-upi-backend","timestamp":"2025-09-11T13:04:32.889Z"}
{"level":"info","message":"Client connected: _QNQKVzVgE_LU9x2AAAB","service":"blockchain-upi-backend","timestamp":"2025-09-11T13:04:34.002Z"}
{"level":"info","message":"Client disconnected: _QNQKVzVgE_LU9x2AAAB","service":"blockchain-upi-backend","timestamp":"2025-09-11T13:05:28.872Z"}
{"level":"info","message":"Blockchain connection initialized successfully","service":"blockchain-upi-backend","timestamp":"2025-09-11T18:41:10.961Z"}
{"level":"info","message":"Server running on port 5001","service":"blockchain-upi-backend","timestamp":"2025-09-11T18:41:10.978Z"}
{"level":"info","message":"Environment: development","service":"blockchain-upi-backend","timestamp":"2025-09-11T18:41:10.982Z"}
{"level":"info","message":"Client connected: SqQhrGMpahoFVqMsAAAB","service":"blockchain-upi-backend","timestamp":"2025-09-11T18:52:08.620Z"}
{"level":"info","message":"Client disconnected: SqQhrGMpahoFVqMsAAAB","service":"blockchain-upi-backend","timestamp":"2025-09-11T18:52:09.198Z"}
{"level":"info","message":"Client connected: 8HLX6PJqGTe7hNAWAAAD","service":"blockchain-upi-backend","timestamp":"2025-09-11T18:52:09.214Z"}
{"level":"info","message":"Client disconnected: 8HLX6PJqGTe7hNAWAAAD","service":"blockchain-upi-backend","timestamp":"2025-09-11T18:52:09.531Z"}
{"level":"info","message":"Client connected: Q3qXSQSFMCz8THKJAAAF","service":"blockchain-upi-backend","timestamp":"2025-09-11T18:52:09.540Z"}
{"level":"info","message":"Validate UPI requested","requestId":"39fb12f0-be22-4e22-808a-a7e7c572d651","service":"blockchain-upi-backend","timestamp":"2025-09-11T18:52:45.875Z","upiID":"testuser2@bank2"}
{"exists":true,"level":"info","message":"Account existence checked","requestId":"39fb12f0-be22-4e22-808a-a7e7c572d651","service":"blockchain-upi-backend","timestamp":"2025-09-11T18:52:45.877Z","upiID":"testuser2@bank2"}
{"bankCode":"BANK2","isActive":true,"level":"info","message":"Account details fetched","requestId":"39fb12f0-be22-4e22-808a-a7e7c572d651","service":"blockchain-upi-backend","timestamp":"2025-09-11T18:52:45.880Z","upiID":"testuser2@bank2"}
{"amount":450,"deviceID":"test002","fromUPIID":"testuser1@bank1","ipAddress":"::1","level":"info","message":"Initiate transfer requested","service":"blockchain-upi-backend","timestamp":"2025-09-11T18:52:49.270Z","toUPIID":"testuser2@bank2"}
{"challengeID":"CHL_1757616769274_a7a004d642ca","expiresAt":"2025-09-11T18:54:49.274Z","fromUPIID":"testuser1@bank1","level":"info","message":"MFA challenge created","n":2,"service":"blockchain-upi-backend","timestamp":"2025-09-11T18:52:49.274Z","toUPIID":"testuser2@bank2","type":"UPI_ID_LAST_DIGITS"}
{"amount":450,"deviceID":"test002","fromUPIID":"testuser1@bank1","ipAddress":"::1","level":"info","message":"Initiate transfer requested","service":"blockchain-upi-backend","timestamp":"2025-09-11T18:53:02.776Z","toUPIID":"testuser2@bank2"}
{"challengeID":"CHL_1757616782777_b23607cbd6c1","expiresAt":"2025-09-11T18:55:02.777Z","fromUPIID":"testuser1@bank1","level":"info","message":"MFA challenge created","n":2,"service":"blockchain-upi-backend","timestamp":"2025-09-11T18:53:02.777Z","toUPIID":"testuser2@bank2","type":"RECIPIENT_NAME_PREFIX"}
{"amount":450,"challengeID":"CHL_1757616782777_b23607cbd6c1","deviceID":"test002","fromUPIID":"testuser1@bank1","ipAddress":"::1","level":"info","message":"Verify transfer requested","service":"blockchain-upi-backend","timestamp":"2025-09-11T18:53:05.222Z","toUPIID":"testuser2@bank2"}
{"attemptsLeft":2,"challengeID":"CHL_1757616782777_b23607cbd6c1","code":"WRONG_ANSWER","fromUPIID":"testuser1@bank1","level":"warn","message":"MFA verification failed Incorrect answer","service":"blockchain-upi-backend","timestamp":"2025-09-11T18:53:05.223Z","toUPIID":"testuser2@bank2"}
{"amount":450,"challengeID":"CHL_1757616782777_b23607cbd6c1","deviceID":"test002","fromUPIID":"testuser1@bank1","ipAddress":"::1","level":"info","message":"Verify transfer requested","service":"blockchain-upi-backend","timestamp":"2025-09-11T18:53:25.197Z","toUPIID":"testuser2@bank2"}
{"amount":450,"fraudDetected":true,"fromUPIID":"testuser1@bank1","level":"info","message":"Transfer executed","service":"blockchain-upi-backend","status":"FRAUD_DETECTED","timestamp":"2025-09-11T18:53:25.205Z","toUPIID":"testuser2@bank2","transactionID":"TXN_1757616805202_namy7hg5y"}
{"level":"warn","message":"Transaction blocked due to fraud detection","reason":"Suspicious transaction pattern detected","service":"blockchain-upi-backend","timestamp":"2025-09-11T18:53:25.206Z","transactionID":"TXN_1757616805202_namy7hg5y"}
{"amount":450,"challengeID":"CHL_1757616782777_b23607cbd6c1","deviceID":"test002","fromUPIID":"testuser1@bank1","ipAddress":"::1","level":"info","message":"Verify transfer requested","service":"blockchain-upi-backend","timestamp":"2025-09-11T18:53:39.972Z","toUPIID":"testuser2@bank2"}
{"attemptsLeft":0,"challengeID":"CHL_1757616782777_b23607cbd6c1","code":"NOT_FOUND","fromUPIID":"testuser1@bank1","level":"warn","message":"MFA verification failed Challenge not found or expired","service":"blockchain-upi-backend","timestamp":"2025-09-11T18:53:39.977Z","toUPIID":"testuser2@bank2"}
{"amount":450,"deviceID":"test002","fromUPIID":"testuser1@bank1","ipAddress":"::1","level":"info","message":"Initiate transfer requested","service":"blockchain-upi-backend","timestamp":"2025-09-11T18:53:42.880Z","toUPIID":"testuser2@bank2"}
{"challengeID":"CHL_1757616822942_7c725ff6e7dd","expiresAt":"2025-09-11T18:55:42.943Z","fromUPIID":"testuser1@bank1","level":"info","message":"MFA challenge created","n":3,"service":"blockchain-upi-backend","timestamp":"2025-09-11T18:53:42.943Z","toUPIID":"testuser2@bank2","type":"AMOUNT_DIGIT_SUM"}
{"amount":450,"challengeID":"CHL_1757616822942_7c725ff6e7dd","deviceID":"test002","fromUPIID":"testuser1@bank1","ipAddress":"::1","level":"info","message":"Verify transfer requested","service":"blockchain-upi-backend","timestamp":"2025-09-11T18:53:51.660Z","toUPIID":"testuser2@bank2"}
{"amount":450,"fraudDetected":true,"fromUPIID":"testuser1@bank1","level":"info","message":"Transfer executed","service":"blockchain-upi-backend","status":"FRAUD_DETECTED","timestamp":"2025-09-11T18:53:51.673Z","toUPIID":"testuser2@bank2","transactionID":"TXN_1757616831671_w1daqr4he"}
{"level":"warn","message":"Transaction blocked due to fraud detection","reason":"Suspicious transaction pattern detected","service":"blockchain-upi-backend","timestamp":"2025-09-11T18:53:51.677Z","transactionID":"TXN_1757616831671_w1daqr4he"}
{"amount":450,"challengeID":"CHL_1757616822942_7c725ff6e7dd","deviceID":"test002","fromUPIID":"testuser1@bank1","ipAddress":"::1","level":"info","message":"Verify transfer requested","service":"blockchain-upi-backend","timestamp":"2025-09-11T18:53:53.294Z","toUPIID":"testuser2@bank2"}
{"attemptsLeft":0,"challengeID":"CHL_1757616822942_7c725ff6e7dd","code":"NOT_FOUND","fromUPIID":"testuser1@bank1","level":"warn","message":"MFA verification failed Challenge not found or expired","service":"blockchain-upi-backend","timestamp":"2025-09-11T18:53:53.317Z","toUPIID":"testuser2@bank2"}
{"amount":450,"deviceID":"test002","fromUPIID":"testuser1@bank1","ipAddress":"::1","level":"info","message":"Initiate transfer requested","service":"blockchain-upi-backend","timestamp":"2025-09-11T18:53:56.303Z","toUPIID":"testuser2@bank2"}
{"challengeID":"CHL_1757616836304_55c600eebd6a","expiresAt":"2025-09-11T18:55:56.304Z","fromUPIID":"testuser1@bank1","level":"info","message":"MFA challenge created","n":1,"service":"blockchain-upi-backend","timestamp":"2025-09-11T18:53:56.304Z","toUPIID":"testuser2@bank2","type":"RECIPIENT_NAME_PREFIX"}
{"amount":450,"challengeID":"CHL_1757616836304_55c600eebd6a","deviceID":"test002","fromUPIID":"testuser1@bank1","ipAddress":"::1","level":"info","message":"Verify transfer requested","service":"blockchain-upi-backend","timestamp":"2025-09-11T18:54:04.627Z","toUPIID":"testuser2@bank2"}
{"amount":450,"fraudDetected":true,"fromUPIID":"testuser1@bank1","level":"info","message":"Transfer executed","service":"blockchain-upi-backend","status":"FRAUD_DETECTED","timestamp":"2025-09-11T18:54:04.653Z","toUPIID":"testuser2@bank2","transactionID":"TXN_1757616844652_x7upwc8xo"}
{"level":"warn","message":"Transaction blocked due to fraud detection","reason":"Suspicious transaction pattern detected","service":"blockchain-upi-backend","timestamp":"2025-09-11T18:54:04.667Z","transactionID":"TXN_1757616844652_x7upwc8xo"}
{"amount":450,"challengeID":"CHL_1757616836304_55c600eebd6a","deviceID":"test002","fromUPIID":"testuser1@bank1","ipAddress":"::1","level":"info","message":"Verify transfer requested","service":"blockchain-upi-backend","timestamp":"2025-09-11T18:54:06.210Z","toUPIID":"testuser2@bank2"}
{"attemptsLeft":0,"challengeID":"CHL_1757616836304_55c600eebd6a","code":"NOT_FOUND","fromUPIID":"testuser1@bank1","level":"warn","message":"MFA verification failed Challenge not found or expired","service":"blockchain-upi-backend","timestamp":"2025-09-11T18:54:06.214Z","toUPIID":"testuser2@bank2"}
{"amount":450,"deviceID":"test002","fromUPIID":"testuser1@bank1","ipAddress":"::1","level":"info","message":"Initiate transfer requested","service":"blockchain-upi-backend","timestamp":"2025-09-11T18:54:08.535Z","toUPIID":"testuser2@bank2"}
{"challengeID":"CHL_1757616848543_4e8648fdb8da","expiresAt":"2025-09-11T18:56:08.543Z","fromUPIID":"testuser1@bank1","level":"info","message":"MFA challenge created","n":2,"service":"blockchain-upi-backend","timestamp":"2025-09-11T18:54:08.543Z","toUPIID":"testuser2@bank2","type":"UPI_ID_LAST_DIGITS"}
{"level":"info","message":"Client disconnected: Q3qXSQSFMCz8THKJAAAF","service":"blockchain-upi-backend","timestamp":"2025-09-11T18:54:12.180Z"}
{"level":"info","message":"Client connected: 65tzGlx9I7I9UQqdAAAI","service":"blockchain-upi-backend","timestamp":"2025-09-11T18:54:12.446Z"}
{"level":"info","message":"Validate UPI requested","requestId":"a0363f43-5fd8-4a4d-a2c3-915bdaf84ced","service":"blockchain-upi-backend","timestamp":"2025-09-11T18:54:23.378Z","upiID":"testuser2@bank2"}
{"exists":true,"level":"info","message":"Account existence checked","requestId":"a0363f43-5fd8-4a4d-a2c3-915bdaf84ced","service":"blockchain-upi-backend","timestamp":"2025-09-11T18:54:23.388Z","upiID":"testuser2@bank2"}
{"bankCode":"BANK2","isActive":true,"level":"info","message":"Account details fetched","requestId":"a0363f43-5fd8-4a4d-a2c3-915bdaf84ced","service":"blockchain-upi-backend","timestamp":"2025-09-11T18:54:23.392Z","upiID":"testuser2@bank2"}
{"amount":350,"deviceID":"test002","fromUPIID":"testuser1@bank1","ipAddress":"::1","level":"info","message":"Initiate transfer requested","service":"blockchain-upi-backend","timestamp":"2025-09-11T18:54:34.997Z","toUPIID":"testuser2@bank2"}
{"challengeID":"CHL_1757616875002_97b273229af7","expiresAt":"2025-09-11T18:56:35.003Z","fromUPIID":"testuser1@bank1","level":"info","message":"MFA challenge created","n":3,"service":"blockchain-upi-backend","timestamp":"2025-09-11T18:54:35.003Z","toUPIID":"testuser2@bank2","type":"AMOUNT_DIGIT_SUM"}
{"amount":350,"challengeID":"CHL_1757616875002_97b273229af7","deviceID":"test002","fromUPIID":"testuser1@bank1","ipAddress":"::1","level":"info","message":"Verify transfer requested","service":"blockchain-upi-backend","timestamp":"2025-09-11T18:54:41.280Z","toUPIID":"testuser2@bank2"}
{"amount":350,"fraudDetected":false,"fromUPIID":"testuser1@bank1","level":"info","message":"Transfer executed","service":"blockchain-upi-backend","status":"COMPLETED","timestamp":"2025-09-11T18:54:41.288Z","toUPIID":"testuser2@bank2","transactionID":"TXN_1757616881285_mzg5q98ny"}
{"level":"info","message":"Client disconnected: 65tzGlx9I7I9UQqdAAAI","service":"blockchain-upi-backend","timestamp":"2025-09-11T18:54:41.636Z"}
{"level":"info","message":"Client connected: bqMI5DdUXnyDMOJYAAAK","service":"blockchain-upi-backend","timestamp":"2025-09-11T18:54:41.645Z"}
{"level":"info","message":"Client disconnected: bqMI5DdUXnyDMOJYAAAK","service":"blockchain-upi-backend","timestamp":"2025-09-11T18:54:41.897Z"}
{"level":"info","message":"Client connected: IljL5fbj0cRxIgG2AAAM","service":"blockchain-upi-backend","timestamp":"2025-09-11T18:54:41.907Z"}
{"level":"info","message":"Validate UPI requested","requestId":"f7828f16-1ddd-4db5-89b1-d2d5b5657ff0","service":"blockchain-upi-backend","timestamp":"2025-09-11T18:55:04.559Z","upiID":"testuser2@bank2"}
{"exists":true,"level":"info","message":"Account existence checked","requestId":"f7828f16-1ddd-4db5-89b1-d2d5b5657ff0","service":"blockchain-upi-backend","timestamp":"2025-09-11T18:55:04.569Z","upiID":"testuser2@bank2"}
{"bankCode":"BANK2","isActive":true,"level":"info","message":"Account details fetched","requestId":"f7828f16-1ddd-4db5-89b1-d2d5b5657ff0","service":"blockchain-upi-backend","timestamp":"2025-09-11T18:55:04.570Z","upiID":"testuser2@bank2"}
{"amount":105,"deviceID":"test002","fromUPIID":"testuser1@bank1","ipAddress":"::1","level":"info","message":"Initiate transfer requested","service":"blockchain-upi-backend","timestamp":"2025-09-11T18:55:21.973Z","toUPIID":"testuser2@bank2"}
{"challengeID":"CHL_1757616921975_4b6e59b5f70c","expiresAt":"2025-09-11T18:57:21.975Z","fromUPIID":"testuser1@bank1","level":"info","message":"MFA challenge created","n":2,"service":"blockchain-upi-backend","timestamp":"2025-09-11T18:55:21.975Z","toUPIID":"testuser2@bank2","type":"UPI_ID_LAST_DIGITS"}
{"amount":105,"deviceID":"test002","fromUPIID":"testuser1@bank1","ipAddress":"::1","level":"info","message":"Initiate transfer requested","service":"blockchain-upi-backend","timestamp":"2025-09-11T18:55:31.174Z","toUPIID":"testuser2@bank2"}
{"challengeID":"CHL_1757616931175_9622feaa0ae6","expiresAt":"2025-09-11T18:57:31.175Z","fromUPIID":"testuser1@bank1","level":"info","message":"MFA challenge created","n":3,"service":"blockchain-upi-backend","timestamp":"2025-09-11T18:55:31.175Z","toUPIID":"testuser2@bank2","type":"RECIPIENT_NAME_PREFIX"}
{"amount":105,"challengeID":"CHL_1757616931175_9622feaa0ae6","deviceID":"test002","fromUPIID":"testuser1@bank1","ipAddress":"::1","level":"info","message":"Verify transfer requested","service":"blockchain-upi-backend","timestamp":"2025-09-11T18:55:42.243Z","toUPIID":"testuser2@bank2"}
{"body":{"amount":105,"answer":"tes","challengeID":"CHL_1757616931175_9622feaa0ae6","deviceID":"test002","toUPIID":"testuser2@bank2"},"level":"error","message":"Verify transfer error Insufficient balance","service":"blockchain-upi-backend","stack":"Error: Insufficient balance\n    at BlockchainService.transfer (C:\\Users\\bdine\\Downloads\\Block Chain UPI copy\\Block Chain UPI copy\\backend\\services\\blockchainService.js:70:15)\n    at C:\\Users\\bdine\\Downloads\\Block Chain UPI copy\\Block Chain UPI copy\\backend\\routes\\transactions.js:124:49\n    at process.processTicksAndRejections (node:internal/process/task_queues:105:5)","timestamp":"2025-09-11T18:55:42.256Z","user":"testuser1@bank1"}
{"level":"info","message":"Client disconnected: IljL5fbj0cRxIgG2AAAM","service":"blockchain-upi-backend","timestamp":"2025-09-11T18:55:48.696Z"}
{"level":"info","message":"Client connected: OgbYd0HJ9BK2sn-CAAAO","service":"blockchain-upi-backend","timestamp":"2025-09-11T18:55:48.739Z"}
{"level":"info","message":"Client disconnected: OgbYd0HJ9BK2sn-CAAAO","service":"blockchain-upi-backend","timestamp":"2025-09-11T18:55:49.021Z"}
{"level":"info","message":"Client connected: WVrFIcQn1lpT7KhQAAAQ","service":"blockchain-upi-backend","timestamp":"2025-09-11T18:55:49.037Z"}
{"level":"info","message":"Validate UPI requested","requestId":"e7cac119-1b66-46aa-928e-a353bae890f3","service":"blockchain-upi-backend","timestamp":"2025-09-11T18:55:59.456Z","upiID":"testuser2@bank2"}
{"exists":true,"level":"info","message":"Account existence checked","requestId":"e7cac119-1b66-46aa-928e-a353bae890f3","service":"blockchain-upi-backend","timestamp":"2025-09-11T18:55:59.457Z","upiID":"testuser2@bank2"}
{"bankCode":"BANK2","isActive":true,"level":"info","message":"Account details fetched","requestId":"e7cac119-1b66-46aa-928e-a353bae890f3","service":"blockchain-upi-backend","timestamp":"2025-09-11T18:55:59.465Z","upiID":"testuser2@bank2"}
{"amount":95,"deviceID":"test002","fromUPIID":"testuser1@bank1","ipAddress":"::1","level":"info","message":"Initiate transfer requested","service":"blockchain-upi-backend","timestamp":"2025-09-11T18:56:12.289Z","toUPIID":"testuser2@bank2"}
{"challengeID":"CHL_1757616972293_4d0a5d831526","expiresAt":"2025-09-11T18:58:12.293Z","fromUPIID":"testuser1@bank1","level":"info","message":"MFA challenge created","n":2,"service":"blockchain-upi-backend","timestamp":"2025-09-11T18:56:12.293Z","toUPIID":"testuser2@bank2","type":"UPI_ID_LAST_DIGITS"}
{"amount":95,"deviceID":"test002","fromUPIID":"testuser1@bank1","ipAddress":"::1","level":"info","message":"Initiate transfer requested","service":"blockchain-upi-backend","timestamp":"2025-09-11T18:56:16.877Z","toUPIID":"testuser2@bank2"}
{"challengeID":"CHL_1757616976884_73ac83082be0","expiresAt":"2025-09-11T18:58:16.884Z","fromUPIID":"testuser1@bank1","level":"info","message":"MFA challenge created","n":2,"service":"blockchain-upi-backend","timestamp":"2025-09-11T18:56:16.885Z","toUPIID":"testuser2@bank2","type":"UPI_ID_LAST_DIGITS"}
{"amount":95,"deviceID":"test002","fromUPIID":"testuser1@bank1","ipAddress":"::1","level":"info","message":"Initiate transfer requested","service":"blockchain-upi-backend","timestamp":"2025-09-11T18:56:22.256Z","toUPIID":"testuser2@bank2"}
{"challengeID":"CHL_1757616982257_297ac0285c41","expiresAt":"2025-09-11T18:58:22.258Z","fromUPIID":"testuser1@bank1","level":"info","message":"MFA challenge created","n":2,"service":"blockchain-upi-backend","timestamp":"2025-09-11T18:56:22.258Z","toUPIID":"testuser2@bank2","type":"AMOUNT_DIGIT_SUM"}
{"amount":95,"challengeID":"CHL_1757616982257_297ac0285c41","deviceID":"test002","fromUPIID":"testuser1@bank1","ipAddress":"::1","level":"info","message":"Verify transfer requested","service":"blockchain-upi-backend","timestamp":"2025-09-11T18:56:31.564Z","toUPIID":"testuser2@bank2"}
{"amount":95,"fraudDetected":true,"fromUPIID":"testuser1@bank1","level":"info","message":"Transfer executed","service":"blockchain-upi-backend","status":"FRAUD_DETECTED","timestamp":"2025-09-11T18:56:31.573Z","toUPIID":"testuser2@bank2","transactionID":"TXN_1757616991570_6b0y76zc7"}
{"level":"warn","message":"Transaction blocked due to fraud detection","reason":"Suspicious transaction pattern detected","service":"blockchain-upi-backend","timestamp":"2025-09-11T18:56:31.574Z","transactionID":"TXN_1757616991570_6b0y76zc7"}
{"amount":95,"challengeID":"CHL_1757616982257_297ac0285c41","deviceID":"test002","fromUPIID":"testuser1@bank1","ipAddress":"::1","level":"info","message":"Verify transfer requested","service":"blockchain-upi-backend","timestamp":"2025-09-11T18:56:33.460Z","toUPIID":"testuser2@bank2"}
{"attemptsLeft":0,"challengeID":"CHL_1757616982257_297ac0285c41","code":"NOT_FOUND","fromUPIID":"testuser1@bank1","level":"warn","message":"MFA verification failed Challenge not found or expired","service":"blockchain-upi-backend","timestamp":"2025-09-11T18:56:33.461Z","toUPIID":"testuser2@bank2"}
{"amount":95,"deviceID":"test002","fromUPIID":"testuser1@bank1","ipAddress":"::1","level":"info","message":"Initiate transfer requested","service":"blockchain-upi-backend","timestamp":"2025-09-11T18:56:35.510Z","toUPIID":"testuser2@bank2"}
{"challengeID":"CHL_1757616995519_c0ac02f4af46","expiresAt":"2025-09-11T18:58:35.519Z","fromUPIID":"testuser1@bank1","level":"info","message":"MFA challenge created","n":2,"service":"blockchain-upi-backend","timestamp":"2025-09-11T18:56:35.520Z","toUPIID":"testuser2@bank2","type":"AMOUNT_DIGIT_SUM"}
{"amount":95,"challengeID":"CHL_1757616995519_c0ac02f4af46","deviceID":"test002","fromUPIID":"testuser1@bank1","ipAddress":"::1","level":"info","message":"Verify transfer requested","service":"blockchain-upi-backend","timestamp":"2025-09-11T18:56:41.334Z","toUPIID":"testuser2@bank2"}
{"amount":95,"fraudDetected":true,"fromUPIID":"testuser1@bank1","level":"info","message":"Transfer executed","service":"blockchain-upi-backend","status":"FRAUD_DETECTED","timestamp":"2025-09-11T18:56:41.338Z","toUPIID":"testuser2@bank2","transactionID":"TXN_1757617001335_ql6duuj6i"}
{"level":"warn","message":"Transaction blocked due to fraud detection","reason":"Suspicious transaction pattern detected","service":"blockchain-upi-backend","timestamp":"2025-09-11T18:56:41.340Z","transactionID":"TXN_1757617001335_ql6duuj6i"}
{"amount":95,"challengeID":"CHL_1757616995519_c0ac02f4af46","deviceID":"test002","fromUPIID":"testuser1@bank1","ipAddress":"::1","level":"info","message":"Verify transfer requested","service":"blockchain-upi-backend","timestamp":"2025-09-11T18:56:58.185Z","toUPIID":"testuser2@bank2"}
{"attemptsLeft":0,"challengeID":"CHL_1757616995519_c0ac02f4af46","code":"NOT_FOUND","fromUPIID":"testuser1@bank1","level":"warn","message":"MFA verification failed Challenge not found or expired","service":"blockchain-upi-backend","timestamp":"2025-09-11T18:56:58.187Z","toUPIID":"testuser2@bank2"}
{"amount":95,"deviceID":"test002","fromUPIID":"testuser1@bank1","ipAddress":"::1","level":"info","message":"Initiate transfer requested","service":"blockchain-upi-backend","timestamp":"2025-09-11T18:57:01.516Z","toUPIID":"testuser2@bank2"}
{"challengeID":"CHL_1757617021519_80474169bc13","expiresAt":"2025-09-11T18:59:01.519Z","fromUPIID":"testuser1@bank1","level":"info","message":"MFA challenge created","n":2,"service":"blockchain-upi-backend","timestamp":"2025-09-11T18:57:01.519Z","toUPIID":"testuser2@bank2","type":"AMOUNT_DIGIT_SUM"}
{"level":"info","message":"Client disconnected: WVrFIcQn1lpT7KhQAAAQ","service":"blockchain-upi-backend","timestamp":"2025-09-11T18:57:10.102Z"}
{"level":"info","message":"Client connected: huL6_CNKFQcAAU7oAAAS","service":"blockchain-upi-backend","timestamp":"2025-09-11T18:57:10.298Z"}
{"level":"info","message":"Client disconnected: huL6_CNKFQcAAU7oAAAS","service":"blockchain-upi-backend","timestamp":"2025-09-11T18:57:10.397Z"}
{"level":"info","message":"Client connected: F96PCR-xdyL2jiHKAAAU","service":"blockchain-upi-backend","timestamp":"2025-09-11T18:57:10.406Z"}
{"level":"info","message":"Validate UPI requested","requestId":"4ac01db0-4486-4f43-afb9-dbf3d5cbc07c","service":"blockchain-upi-backend","timestamp":"2025-09-11T18:57:15.262Z","upiID":"testuser2@bank2"}
{"exists":true,"level":"info","message":"Account existence checked","requestId":"4ac01db0-4486-4f43-afb9-dbf3d5cbc07c","service":"blockchain-upi-backend","timestamp":"2025-09-11T18:57:15.263Z","upiID":"testuser2@bank2"}
{"bankCode":"BANK2","isActive":true,"level":"info","message":"Account details fetched","requestId":"4ac01db0-4486-4f43-afb9-dbf3d5cbc07c","service":"blockchain-upi-backend","timestamp":"2025-09-11T18:57:15.263Z","upiID":"testuser2@bank2"}
{"amount":95,"deviceID":"test002","fromUPIID":"testuser1@bank1","ipAddress":"::1","level":"info","message":"Initiate transfer requested","service":"blockchain-upi-backend","timestamp":"2025-09-11T18:57:18.615Z","toUPIID":"testuser2@bank2"}
{"challengeID":"CHL_1757617038632_59b00092929f","expiresAt":"2025-09-11T18:59:18.632Z","fromUPIID":"testuser1@bank1","level":"info","message":"MFA challenge created","n":2,"service":"blockchain-upi-backend","timestamp":"2025-09-11T18:57:18.632Z","toUPIID":"testuser2@bank2","type":"RECIPIENT_NAME_PREFIX"}
{"amount":95,"challengeID":"CHL_1757617038632_59b00092929f","deviceID":"test002","fromUPIID":"testuser1@bank1","ipAddress":"::1","level":"info","message":"Verify transfer requested","service":"blockchain-upi-backend","timestamp":"2025-09-11T18:57:24.407Z","toUPIID":"testuser2@bank2"}
{"amount":95,"fraudDetected":true,"fromUPIID":"testuser1@bank1","level":"info","message":"Transfer executed","service":"blockchain-upi-backend","status":"FRAUD_DETECTED","timestamp":"2025-09-11T18:57:24.410Z","toUPIID":"testuser2@bank2","transactionID":"TXN_1757617044408_vhnyp2zl0"}
{"level":"warn","message":"Transaction blocked due to fraud detection","reason":"Suspicious transaction pattern detected","service":"blockchain-upi-backend","timestamp":"2025-09-11T18:57:24.412Z","transactionID":"TXN_1757617044408_vhnyp2zl0"}
{"amount":95,"challengeID":"CHL_1757617038632_59b00092929f","deviceID":"test002","fromUPIID":"testuser1@bank1","ipAddress":"::1","level":"info","message":"Verify transfer requested","service":"blockchain-upi-backend","timestamp":"2025-09-11T18:57:25.355Z","toUPIID":"testuser2@bank2"}
{"attemptsLeft":0,"challengeID":"CHL_1757617038632_59b00092929f","code":"NOT_FOUND","fromUPIID":"testuser1@bank1","level":"warn","message":"MFA verification failed Challenge not found or expired","service":"blockchain-upi-backend","timestamp":"2025-09-11T18:57:25.359Z","toUPIID":"testuser2@bank2"}
{"amount":95,"deviceID":"test002","fromUPIID":"testuser1@bank1","ipAddress":"::1","level":"info","message":"Initiate transfer requested","service":"blockchain-upi-backend","timestamp":"2025-09-11T18:57:27.036Z","toUPIID":"testuser2@bank2"}
{"challengeID":"CHL_1757617047036_70385d34156d","expiresAt":"2025-09-11T18:59:27.036Z","fromUPIID":"testuser1@bank1","level":"info","message":"MFA challenge created","n":2,"service":"blockchain-upi-backend","timestamp":"2025-09-11T18:57:27.036Z","toUPIID":"testuser2@bank2","type":"AMOUNT_DIGIT_SUM"}
{"amount":95,"deviceID":"test002","fromUPIID":"testuser1@bank1","ipAddress":"::1","level":"info","message":"Initiate transfer requested","service":"blockchain-upi-backend","timestamp":"2025-09-11T18:57:31.220Z","toUPIID":"testuser2@bank2"}
{"challengeID":"CHL_1757617051220_9f1765246490","expiresAt":"2025-09-11T18:59:31.220Z","fromUPIID":"testuser1@bank1","level":"info","message":"MFA challenge created","n":2,"service":"blockchain-upi-backend","timestamp":"2025-09-11T18:57:31.220Z","toUPIID":"testuser2@bank2","type":"AMOUNT_DIGIT_SUM"}
{"amount":95,"challengeID":"CHL_1757617051220_9f1765246490","deviceID":"test002","fromUPIID":"testuser1@bank1","ipAddress":"::1","level":"info","message":"Verify transfer requested","service":"blockchain-upi-backend","timestamp":"2025-09-11T18:57:33.039Z","toUPIID":"testuser2@bank2"}
{"amount":95,"fraudDetected":true,"fromUPIID":"testuser1@bank1","level":"info","message":"Transfer executed","service":"blockchain-upi-backend","status":"FRAUD_DETECTED","timestamp":"2025-09-11T18:57:33.049Z","toUPIID":"testuser2@bank2","transactionID":"TXN_1757617053047_zxivj4k4q"}
{"level":"warn","message":"Transaction blocked due to fraud detection","reason":"Suspicious transaction pattern detected","service":"blockchain-upi-backend","timestamp":"2025-09-11T18:57:33.050Z","transactionID":"TXN_1757617053047_zxivj4k4q"}
{"amount":95,"challengeID":"CHL_1757617051220_9f1765246490","deviceID":"test002","fromUPIID":"testuser1@bank1","ipAddress":"::1","level":"info","message":"Verify transfer requested","service":"blockchain-upi-backend","timestamp":"2025-09-11T18:57:34.319Z","toUPIID":"testuser2@bank2"}
{"attemptsLeft":0,"challengeID":"CHL_1757617051220_9f1765246490","code":"NOT_FOUND","fromUPIID":"testuser1@bank1","level":"warn","message":"MFA verification failed Challenge not found or expired","service":"blockchain-upi-backend","timestamp":"2025-09-11T18:57:34.330Z","toUPIID":"testuser2@bank2"}
{"amount":95,"deviceID":"test002","fromUPIID":"testuser1@bank1","ipAddress":"::1","level":"info","message":"Initiate transfer requested","service":"blockchain-upi-backend","timestamp":"2025-09-11T18:57:36.374Z","toUPIID":"testuser2@bank2"}
{"challengeID":"CHL_1757617056375_ef08f24a6ec9","expiresAt":"2025-09-11T18:59:36.375Z","fromUPIID":"testuser1@bank1","level":"info","message":"MFA challenge created","n":3,"service":"blockchain-upi-backend","timestamp":"2025-09-11T18:57:36.375Z","toUPIID":"testuser2@bank2","type":"RECIPIENT_NAME_PREFIX"}
{"amount":95,"deviceID":"test002","fromUPIID":"testuser1@bank1","ipAddress":"::1","level":"info","message":"Initiate transfer requested","service":"blockchain-upi-backend","timestamp":"2025-09-11T18:57:39.320Z","toUPIID":"testuser2@bank2"}
{"challengeID":"CHL_1757617059321_df3d61025200","expiresAt":"2025-09-11T18:59:39.321Z","fromUPIID":"testuser1@bank1","level":"info","message":"MFA challenge created","n":2,"service":"blockchain-upi-backend","timestamp":"2025-09-11T18:57:39.321Z","toUPIID":"testuser2@bank2","type":"AMOUNT_DIGIT_SUM"}
{"amount":95,"challengeID":"CHL_1757617059321_df3d61025200","deviceID":"test002","fromUPIID":"testuser1@bank1","ipAddress":"::1","level":"info","message":"Verify transfer requested","service":"blockchain-upi-backend","timestamp":"2025-09-11T18:57:47.959Z","toUPIID":"testuser2@bank2"}
{"amount":95,"fraudDetected":true,"fromUPIID":"testuser1@bank1","level":"info","message":"Transfer executed","service":"blockchain-upi-backend","status":"FRAUD_DETECTED","timestamp":"2025-09-11T18:57:47.964Z","toUPIID":"testuser2@bank2","transactionID":"TXN_1757617067961_6pne7y5hl"}
{"level":"warn","message":"Transaction blocked due to fraud detection","reason":"Suspicious transaction pattern detected","service":"blockchain-upi-backend","timestamp":"2025-09-11T18:57:47.965Z","transactionID":"TXN_1757617067961_6pne7y5hl"}
{"amount":95,"challengeID":"CHL_1757617059321_df3d61025200","deviceID":"test002","fromUPIID":"testuser1@bank1","ipAddress":"::1","level":"info","message":"Verify transfer requested","service":"blockchain-upi-backend","timestamp":"2025-09-11T18:57:48.980Z","toUPIID":"testuser2@bank2"}
{"attemptsLeft":0,"challengeID":"CHL_1757617059321_df3d61025200","code":"NOT_FOUND","fromUPIID":"testuser1@bank1","level":"warn","message":"MFA verification failed Challenge not found or expired","service":"blockchain-upi-backend","timestamp":"2025-09-11T18:57:49.006Z","toUPIID":"testuser2@bank2"}
{"level":"info","message":"Client disconnected: F96PCR-xdyL2jiHKAAAU","service":"blockchain-upi-backend","timestamp":"2025-09-11T18:57:52.878Z"}
{"level":"info","message":"Blockchain connection initialized successfully","service":"blockchain-upi-backend","timestamp":"2025-09-11T19:04:10.274Z"}
{"level":"info","message":"Server running on port 5001","service":"blockchain-upi-backend","timestamp":"2025-09-11T19:04:10.287Z"}
{"level":"info","message":"Environment: development","service":"blockchain-upi-backend","timestamp":"2025-09-11T19:04:10.289Z"}
{"level":"info","message":"Client connected: A4kaLaP95tcuUcDVAAAB","service":"blockchain-upi-backend","timestamp":"2025-09-11T19:05:10.160Z"}
{"level":"info","message":"Client disconnected: A4kaLaP95tcuUcDVAAAB","service":"blockchain-upi-backend","timestamp":"2025-09-11T19:05:10.243Z"}
{"level":"info","message":"Client connected: Ruk8SVHAx_SIkyTQAAAD","service":"blockchain-upi-backend","timestamp":"2025-09-11T19:05:10.258Z"}
{"level":"info","message":"Client disconnected: Ruk8SVHAx_SIkyTQAAAD","service":"blockchain-upi-backend","timestamp":"2025-09-11T19:05:10.572Z"}
{"level":"info","message":"Client connected: azlfIksP9_OJXP0oAAAF","service":"blockchain-upi-backend","timestamp":"2025-09-11T19:05:10.586Z"}
{"level":"info","message":"Client disconnected: azlfIksP9_OJXP0oAAAF","service":"blockchain-upi-backend","timestamp":"2025-09-11T19:05:10.824Z"}
{"level":"info","message":"Client connected: T-HaAydEcMIxS3k9AAAH","service":"blockchain-upi-backend","timestamp":"2025-09-11T19:05:10.840Z"}
{"level":"info","message":"Client disconnected: T-HaAydEcMIxS3k9AAAH","service":"blockchain-upi-backend","timestamp":"2025-09-11T19:05:29.854Z"}
{"level":"info","message":"Blockchain connection initialized successfully","service":"blockchain-upi-backend","timestamp":"2025-09-12T03:37:05.073Z"}
{"level":"info","message":"Server running on port 5001","service":"blockchain-upi-backend","timestamp":"2025-09-12T03:37:05.084Z"}
{"level":"info","message":"Environment: development","service":"blockchain-upi-backend","timestamp":"2025-09-12T03:37:05.085Z"}
{"level":"info","message":"Blockchain connection initialized successfully","service":"blockchain-upi-backend","timestamp":"2025-09-12T03:43:04.831Z"}
{"level":"info","message":"Server running on port 5001","service":"blockchain-upi-backend","timestamp":"2025-09-12T03:43:04.843Z"}
{"level":"info","message":"Environment: development","service":"blockchain-upi-backend","timestamp":"2025-09-12T03:43:04.845Z"}
{"level":"info","message":"Blockchain connection initialized successfully","service":"blockchain-upi-backend","timestamp":"2025-09-12T03:45:39.762Z"}
{"level":"info","message":"Server running on port 5001","service":"blockchain-upi-backend","timestamp":"2025-09-12T03:45:39.772Z"}
{"level":"info","message":"Environment: development","service":"blockchain-upi-backend","timestamp":"2025-09-12T03:45:39.773Z"}
{"level":"info","message":"Client connected: 7smnBAuE-lqccQnhAAAB","service":"blockchain-upi-backend","timestamp":"2025-09-12T03:46:44.781Z"}
{"level":"info","message":"Client disconnected: 7smnBAuE-lqccQnhAAAB","service":"blockchain-upi-backend","timestamp":"2025-09-12T03:46:45.343Z"}
{"level":"info","message":"Client connected: CKQFqun-YJaJ_oGoAAAD","service":"blockchain-upi-backend","timestamp":"2025-09-12T03:46:45.352Z"}
{"level":"info","message":"Client disconnected: CKQFqun-YJaJ_oGoAAAD","service":"blockchain-upi-backend","timestamp":"2025-09-12T03:46:45.403Z"}
{"level":"info","message":"Client connected: AuNi9O6CtysURZ3oAAAF","service":"blockchain-upi-backend","timestamp":"2025-09-12T03:46:45.415Z"}
{"level":"info","message":"Client disconnected: AuNi9O6CtysURZ3oAAAF","service":"blockchain-upi-backend","timestamp":"2025-09-12T03:46:54.941Z"}
{"level":"info","message":"Client connected: FzElYHDtbQWeiy8aAAAH","service":"blockchain-upi-backend","timestamp":"2025-09-12T03:47:16.784Z"}
{"level":"info","message":"Client disconnected: FzElYHDtbQWeiy8aAAAH","service":"blockchain-upi-backend","timestamp":"2025-09-12T03:47:17.361Z"}
{"level":"info","message":"Client connected: nLaaSKu3Udr1BV7aAAAJ","service":"blockchain-upi-backend","timestamp":"2025-09-12T03:47:17.368Z"}
{"level":"info","message":"Client disconnected: nLaaSKu3Udr1BV7aAAAJ","service":"blockchain-upi-backend","timestamp":"2025-09-12T03:47:17.421Z"}
{"level":"info","message":"Client connected: CfYSWV2dOn_6L-OiAAAL","service":"blockchain-upi-backend","timestamp":"2025-09-12T03:47:17.429Z"}
{"level":"info","message":"Validate UPI requested","requestId":"01b093fa-e9f3-46e4-bad9-978bf413f52c","service":"blockchain-upi-backend","timestamp":"2025-09-12T03:48:10.562Z","upiID":"testuser1@bank1"}
{"exists":true,"level":"info","message":"Account existence checked","requestId":"01b093fa-e9f3-46e4-bad9-978bf413f52c","service":"blockchain-upi-backend","timestamp":"2025-09-12T03:48:10.564Z","upiID":"testuser1@bank1"}
{"bankCode":"BANK1","isActive":true,"level":"info","message":"Account details fetched","requestId":"01b093fa-e9f3-46e4-bad9-978bf413f52c","service":"blockchain-upi-backend","timestamp":"2025-09-12T03:48:10.565Z","upiID":"testuser1@bank1"}
{"amount":8000,"deviceID":"test003","fromUPIID":"testuser2@bank2","ipAddress":"::1","level":"info","message":"Initiate transfer requested","service":"blockchain-upi-backend","timestamp":"2025-09-12T03:48:15.121Z","toUPIID":"testuser1@bank1"}
{"challengeID":"CHL_1757648895122_bd1e9940a01f","expiresAt":"2025-09-12T03:50:15.122Z","fromUPIID":"testuser2@bank2","level":"info","message":"MFA challenge created","n":2,"service":"blockchain-upi-backend","timestamp":"2025-09-12T03:48:15.123Z","toUPIID":"testuser1@bank1","type":"UPI_ID_LAST_DIGITS"}
{"amount":8000,"challengeID":"CHL_1757648895122_bd1e9940a01f","deviceID":"test003","fromUPIID":"testuser2@bank2","ipAddress":"::1","level":"info","message":"Verify transfer requested","service":"blockchain-upi-backend","timestamp":"2025-09-12T03:48:26.374Z","toUPIID":"testuser1@bank1"}
{"attemptsLeft":2,"challengeID":"CHL_1757648895122_bd1e9940a01f","code":"WRONG_ANSWER","fromUPIID":"testuser2@bank2","level":"warn","message":"MFA verification failed Incorrect answer","service":"blockchain-upi-backend","timestamp":"2025-09-12T03:48:26.376Z","toUPIID":"testuser1@bank1"}
{"amount":8000,"challengeID":"CHL_1757648895122_bd1e9940a01f","deviceID":"test003","fromUPIID":"testuser2@bank2","ipAddress":"::1","level":"info","message":"Verify transfer requested","service":"blockchain-upi-backend","timestamp":"2025-09-12T03:48:29.454Z","toUPIID":"testuser1@bank1"}
{"attemptsLeft":1,"challengeID":"CHL_1757648895122_bd1e9940a01f","code":"WRONG_ANSWER","fromUPIID":"testuser2@bank2","level":"warn","message":"MFA verification failed Incorrect answer","service":"blockchain-upi-backend","timestamp":"2025-09-12T03:48:29.455Z","toUPIID":"testuser1@bank1"}
{"amount":8000,"deviceID":"test003","fromUPIID":"testuser2@bank2","ipAddress":"::1","level":"info","message":"Initiate transfer requested","service":"blockchain-upi-backend","timestamp":"2025-09-12T03:48:32.558Z","toUPIID":"testuser1@bank1"}
{"challengeID":"CHL_1757648912563_02b1860d44df","expiresAt":"2025-09-12T03:50:32.563Z","fromUPIID":"testuser2@bank2","level":"info","message":"MFA challenge created","n":2,"service":"blockchain-upi-backend","timestamp":"2025-09-12T03:48:32.563Z","toUPIID":"testuser1@bank1","type":"UPI_ID_LAST_DIGITS"}
{"amount":8000,"deviceID":"test003","fromUPIID":"testuser2@bank2","ipAddress":"::1","level":"info","message":"Initiate transfer requested","service":"blockchain-upi-backend","timestamp":"2025-09-12T03:48:36.608Z","toUPIID":"testuser1@bank1"}
{"challengeID":"CHL_1757648916683_8641ec57c398","expiresAt":"2025-09-12T03:50:36.683Z","fromUPIID":"testuser2@bank2","level":"info","message":"MFA challenge created","n":4,"service":"blockchain-upi-backend","timestamp":"2025-09-12T03:48:36.683Z","toUPIID":"testuser1@bank1","type":"AMOUNT_DIGIT_SUM"}
{"amount":8000,"challengeID":"CHL_1757648916683_8641ec57c398","deviceID":"test003","fromUPIID":"testuser2@bank2","ipAddress":"::1","level":"info","message":"Verify transfer requested","service":"blockchain-upi-backend","timestamp":"2025-09-12T03:48:41.777Z","toUPIID":"testuser1@bank1"}
{"amount":8000,"fraudDetected":true,"fromUPIID":"testuser2@bank2","level":"info","message":"Transfer executed","service":"blockchain-upi-backend","status":"FRAUD_DETECTED","timestamp":"2025-09-12T03:48:41.783Z","toUPIID":"testuser1@bank1","transactionID":"TXN_1757648921780_md4o6w751"}
{"level":"warn","message":"Transaction blocked due to fraud detection","reason":"Suspicious transaction pattern detected","service":"blockchain-upi-backend","timestamp":"2025-09-12T03:48:41.784Z","transactionID":"TXN_1757648921780_md4o6w751"}
{"amount":8000,"challengeID":"CHL_1757648916683_8641ec57c398","deviceID":"test003","fromUPIID":"testuser2@bank2","ipAddress":"::1","level":"info","message":"Verify transfer requested","service":"blockchain-upi-backend","timestamp":"2025-09-12T03:48:43.211Z","toUPIID":"testuser1@bank1"}
{"attemptsLeft":0,"challengeID":"CHL_1757648916683_8641ec57c398","code":"NOT_FOUND","fromUPIID":"testuser2@bank2","level":"warn","message":"MFA verification failed Challenge not found or expired","service":"blockchain-upi-backend","timestamp":"2025-09-12T03:48:43.212Z","toUPIID":"testuser1@bank1"}
{"level":"info","message":"Client disconnected: CfYSWV2dOn_6L-OiAAAL","service":"blockchain-upi-backend","timestamp":"2025-09-12T03:49:13.533Z"}
{"level":"info","message":"Client connected: dazzg8JNCqUjVdhJAAAN","service":"blockchain-upi-backend","timestamp":"2025-09-12T03:49:13.567Z"}
{"level":"info","message":"Client disconnected: dazzg8JNCqUjVdhJAAAN","service":"blockchain-upi-backend","timestamp":"2025-09-12T03:49:13.854Z"}
{"level":"info","message":"Client connected: Pay3umKo_AoSi83GAAAP","service":"blockchain-upi-backend","timestamp":"2025-09-12T03:49:13.862Z"}
{"level":"info","message":"Client disconnected: Pay3umKo_AoSi83GAAAP","service":"blockchain-upi-backend","timestamp":"2025-09-12T03:50:28.050Z"}
{"level":"info","message":"Client connected: Al8ZrW_VwrUeiiYpAAAR","service":"blockchain-upi-backend","timestamp":"2025-09-12T03:50:28.246Z"}
{"level":"info","message":"Client disconnected: Al8ZrW_VwrUeiiYpAAAR","service":"blockchain-upi-backend","timestamp":"2025-09-12T03:50:28.335Z"}
{"level":"info","message":"Client connected: BANUHivv83jP-2CaAAAT","service":"blockchain-upi-backend","timestamp":"2025-09-12T03:50:28.354Z"}
{"level":"info","message":"Client disconnected: BANUHivv83jP-2CaAAAT","service":"blockchain-upi-backend","timestamp":"2025-09-12T03:50:35.582Z"}
{"level":"info","message":"Client connected: IMKa3-31YYuj2zmiAAAV","service":"blockchain-upi-backend","timestamp":"2025-09-12T03:50:35.615Z"}
{"level":"info","message":"Client disconnected: IMKa3-31YYuj2zmiAAAV","service":"blockchain-upi-backend","timestamp":"2025-09-12T03:50:35.911Z"}
{"level":"info","message":"Client connected: 8zo-7_t0dYy1TVUeAAAX","service":"blockchain-upi-backend","timestamp":"2025-09-12T03:50:35.919Z"}
{"level":"info","message":"Validate UPI requested","requestId":"c010183d-f529-4445-95d9-9efb9bd9acf6","service":"blockchain-upi-backend","timestamp":"2025-09-12T03:51:12.171Z","upiID":"testuser1@bank1"}
{"exists":true,"level":"info","message":"Account existence checked","requestId":"c010183d-f529-4445-95d9-9efb9bd9acf6","service":"blockchain-upi-backend","timestamp":"2025-09-12T03:51:12.172Z","upiID":"testuser1@bank1"}
{"bankCode":"BANK1","isActive":true,"level":"info","message":"Account details fetched","requestId":"c010183d-f529-4445-95d9-9efb9bd9acf6","service":"blockchain-upi-backend","timestamp":"2025-09-12T03:51:12.173Z","upiID":"testuser1@bank1"}
{"amount":8000,"deviceID":"test003","fromUPIID":"testuser2@bank2","ipAddress":"::1","level":"info","message":"Initiate transfer requested","service":"blockchain-upi-backend","timestamp":"2025-09-12T03:51:16.475Z","toUPIID":"testuser1@bank1"}
{"challengeID":"CHL_1757649076476_a96978bbb526","expiresAt":"2025-09-12T03:53:16.476Z","fromUPIID":"testuser2@bank2","level":"info","message":"MFA challenge created","n":3,"service":"blockchain-upi-backend","timestamp":"2025-09-12T03:51:16.477Z","toUPIID":"testuser1@bank1","type":"RECIPIENT_NAME_PREFIX"}
{"amount":8000,"challengeID":"CHL_1757649076476_a96978bbb526","deviceID":"test003","fromUPIID":"testuser2@bank2","ipAddress":"::1","level":"info","message":"Verify transfer requested","service":"blockchain-upi-backend","timestamp":"2025-09-12T03:51:39.736Z","toUPIID":"testuser1@bank1"}
{"amount":8000,"fraudDetected":true,"fromUPIID":"testuser2@bank2","level":"info","message":"Transfer executed","service":"blockchain-upi-backend","status":"FRAUD_DETECTED","timestamp":"2025-09-12T03:51:39.740Z","toUPIID":"testuser1@bank1","transactionID":"TXN_1757649099737_ui64vnajt"}
{"level":"warn","message":"Transaction blocked due to fraud detection","reason":"Suspicious transaction pattern detected","service":"blockchain-upi-backend","timestamp":"2025-09-12T03:51:39.742Z","transactionID":"TXN_1757649099737_ui64vnajt"}
{"amount":8000,"challengeID":"CHL_1757649076476_a96978bbb526","deviceID":"test003","fromUPIID":"testuser2@bank2","ipAddress":"::1","level":"info","message":"Verify transfer requested","service":"blockchain-upi-backend","timestamp":"2025-09-12T03:51:41.222Z","toUPIID":"testuser1@bank1"}
{"attemptsLeft":0,"challengeID":"CHL_1757649076476_a96978bbb526","code":"NOT_FOUND","fromUPIID":"testuser2@bank2","level":"warn","message":"MFA verification failed Challenge not found or expired","service":"blockchain-upi-backend","timestamp":"2025-09-12T03:51:41.223Z","toUPIID":"testuser1@bank1"}
{"amount":8000,"deviceID":"test003","fromUPIID":"testuser2@bank2","ipAddress":"::1","level":"info","message":"Initiate transfer requested","service":"blockchain-upi-backend","timestamp":"2025-09-12T03:51:43.414Z","toUPIID":"testuser1@bank1"}
{"challengeID":"CHL_1757649103416_c362a74aa7e1","expiresAt":"2025-09-12T03:53:43.416Z","fromUPIID":"testuser2@bank2","level":"info","message":"MFA challenge created","n":4,"service":"blockchain-upi-backend","timestamp":"2025-09-12T03:51:43.416Z","toUPIID":"testuser1@bank1","type":"AMOUNT_DIGIT_SUM"}
{"amount":8000,"challengeID":"CHL_1757649103416_c362a74aa7e1","deviceID":"test003","fromUPIID":"testuser2@bank2","ipAddress":"::1","level":"info","message":"Verify transfer requested","service":"blockchain-upi-backend","timestamp":"2025-09-12T03:51:54.457Z","toUPIID":"testuser1@bank1"}
{"amount":8000,"fraudDetected":true,"fromUPIID":"testuser2@bank2","level":"info","message":"Transfer executed","service":"blockchain-upi-backend","status":"FRAUD_DETECTED","timestamp":"2025-09-12T03:51:54.461Z","toUPIID":"testuser1@bank1","transactionID":"TXN_1757649114458_kwrraji78"}
{"level":"warn","message":"Transaction blocked due to fraud detection","reason":"Suspicious transaction pattern detected","service":"blockchain-upi-backend","timestamp":"2025-09-12T03:51:54.461Z","transactionID":"TXN_1757649114458_kwrraji78"}
{"level":"info","message":"Client disconnected: 8zo-7_t0dYy1TVUeAAAX","service":"blockchain-upi-backend","timestamp":"2025-09-12T03:52:02.452Z"}
{"level":"info","message":"Client connected: gJQkQAoNtl7rgpueAAAZ","service":"blockchain-upi-backend","timestamp":"2025-09-12T03:53:00.406Z"}
{"level":"info","message":"Client disconnected: gJQkQAoNtl7rgpueAAAZ","service":"blockchain-upi-backend","timestamp":"2025-09-12T03:53:00.720Z"}
{"level":"info","message":"Client connected: Or9-B5y-oqnJUnewAAAb","service":"blockchain-upi-backend","timestamp":"2025-09-12T03:53:00.731Z"}
{"level":"info","message":"Client disconnected: Or9-B5y-oqnJUnewAAAb","service":"blockchain-upi-backend","timestamp":"2025-09-12T03:53:00.983Z"}
{"level":"info","message":"Client connected: XtumwH4cpHBmRcIWAAAd","service":"blockchain-upi-backend","timestamp":"2025-09-12T03:53:00.990Z"}
{"level":"info","message":"Validate UPI requested","requestId":"55deb0d5-733c-461d-b232-8da8dd8a6f39","service":"blockchain-upi-backend","timestamp":"2025-09-12T03:53:46.517Z","upiID":"testuser2@bank2"}
{"exists":true,"level":"info","message":"Account existence checked","requestId":"55deb0d5-733c-461d-b232-8da8dd8a6f39","service":"blockchain-upi-backend","timestamp":"2025-09-12T03:53:46.519Z","upiID":"testuser2@bank2"}
{"bankCode":"BANK2","isActive":true,"level":"info","message":"Account details fetched","requestId":"55deb0d5-733c-461d-b232-8da8dd8a6f39","service":"blockchain-upi-backend","timestamp":"2025-09-12T03:53:46.519Z","upiID":"testuser2@bank2"}
{"amount":25,"deviceID":"test002","fromUPIID":"testuser1@bank1","ipAddress":"::1","level":"info","message":"Initiate transfer requested","service":"blockchain-upi-backend","timestamp":"2025-09-12T03:53:49.269Z","toUPIID":"testuser2@bank2"}
{"challengeID":"CHL_1757649229269_f1df37a57b93","expiresAt":"2025-09-12T03:55:49.269Z","fromUPIID":"testuser1@bank1","level":"info","message":"MFA challenge created","n":2,"service":"blockchain-upi-backend","timestamp":"2025-09-12T03:53:49.269Z","toUPIID":"testuser2@bank2","type":"UPI_ID_LAST_DIGITS"}
{"amount":25,"challengeID":"CHL_1757649229269_f1df37a57b93","deviceID":"test002","fromUPIID":"testuser1@bank1","ipAddress":"::1","level":"info","message":"Verify transfer requested","service":"blockchain-upi-backend","timestamp":"2025-09-12T03:54:00.067Z","toUPIID":"testuser2@bank2"}
{"attemptsLeft":2,"challengeID":"CHL_1757649229269_f1df37a57b93","code":"WRONG_ANSWER","fromUPIID":"testuser1@bank1","level":"warn","message":"MFA verification failed Incorrect answer","service":"blockchain-upi-backend","timestamp":"2025-09-12T03:54:00.068Z","toUPIID":"testuser2@bank2"}
{"amount":25,"challengeID":"CHL_1757649229269_f1df37a57b93","deviceID":"test002","fromUPIID":"testuser1@bank1","ipAddress":"::1","level":"info","message":"Verify transfer requested","service":"blockchain-upi-backend","timestamp":"2025-09-12T03:54:06.018Z","toUPIID":"testuser2@bank2"}
{"attemptsLeft":1,"challengeID":"CHL_1757649229269_f1df37a57b93","code":"WRONG_ANSWER","fromUPIID":"testuser1@bank1","level":"warn","message":"MFA verification failed Incorrect answer","service":"blockchain-upi-backend","timestamp":"2025-09-12T03:54:06.018Z","toUPIID":"testuser2@bank2"}
{"amount":25,"challengeID":"CHL_1757649229269_f1df37a57b93","deviceID":"test002","fromUPIID":"testuser1@bank1","ipAddress":"::1","level":"info","message":"Verify transfer requested","service":"blockchain-upi-backend","timestamp":"2025-09-12T03:54:07.512Z","toUPIID":"testuser2@bank2"}
{"attemptsLeft":0,"challengeID":"CHL_1757649229269_f1df37a57b93","code":"MAX_ATTEMPTS","fromUPIID":"testuser1@bank1","level":"warn","message":"MFA verification failed Maximum attempts exceeded. Challenge invalidated.","service":"blockchain-upi-backend","timestamp":"2025-09-12T03:54:07.513Z","toUPIID":"testuser2@bank2"}
{"amount":25,"challengeID":"CHL_1757649229269_f1df37a57b93","deviceID":"test002","fromUPIID":"testuser1@bank1","ipAddress":"::1","level":"info","message":"Verify transfer requested","service":"blockchain-upi-backend","timestamp":"2025-09-12T03:54:25.321Z","toUPIID":"testuser2@bank2"}
{"attemptsLeft":0,"challengeID":"CHL_1757649229269_f1df37a57b93","code":"NOT_FOUND","fromUPIID":"testuser1@bank1","level":"warn","message":"MFA verification failed Challenge not found or expired","service":"blockchain-upi-backend","timestamp":"2025-09-12T03:54:25.321Z","toUPIID":"testuser2@bank2"}
{"amount":25,"deviceID":"test002","fromUPIID":"testuser1@bank1","ipAddress":"::1","level":"info","message":"Initiate transfer requested","service":"blockchain-upi-backend","timestamp":"2025-09-12T03:54:28.722Z","toUPIID":"testuser2@bank2"}
{"challengeID":"CHL_1757649268723_7343773bac31","expiresAt":"2025-09-12T03:56:28.723Z","fromUPIID":"testuser1@bank1","level":"info","message":"MFA challenge created","n":3,"service":"blockchain-upi-backend","timestamp":"2025-09-12T03:54:28.723Z","toUPIID":"testuser2@bank2","type":"RECIPIENT_NAME_PREFIX"}
{"amount":25,"challengeID":"CHL_1757649268723_7343773bac31","deviceID":"test002","fromUPIID":"testuser1@bank1","ipAddress":"::1","level":"info","message":"Verify transfer requested","service":"blockchain-upi-backend","timestamp":"2025-09-12T03:54:39.908Z","toUPIID":"testuser2@bank2"}
{"amount":25,"fraudDetected":true,"fromUPIID":"testuser1@bank1","level":"info","message":"Transfer executed","service":"blockchain-upi-backend","status":"FRAUD_DETECTED","timestamp":"2025-09-12T03:54:39.911Z","toUPIID":"testuser2@bank2","transactionID":"TXN_1757649279909_zqrim6e"}
{"level":"warn","message":"Transaction blocked due to fraud detection","reason":"Suspicious transaction pattern detected","service":"blockchain-upi-backend","timestamp":"2025-09-12T03:54:39.912Z","transactionID":"TXN_1757649279909_zqrim6e"}
{"amount":25,"challengeID":"CHL_1757649268723_7343773bac31","deviceID":"test002","fromUPIID":"testuser1@bank1","ipAddress":"::1","level":"info","message":"Verify transfer requested","service":"blockchain-upi-backend","timestamp":"2025-09-12T03:54:52.728Z","toUPIID":"testuser2@bank2"}
{"attemptsLeft":0,"challengeID":"CHL_1757649268723_7343773bac31","code":"NOT_FOUND","fromUPIID":"testuser1@bank1","level":"warn","message":"MFA verification failed Challenge not found or expired","service":"blockchain-upi-backend","timestamp":"2025-09-12T03:54:52.729Z","toUPIID":"testuser2@bank2"}
{"level":"info","message":"Client disconnected: XtumwH4cpHBmRcIWAAAd","service":"blockchain-upi-backend","timestamp":"2025-09-12T03:54:57.166Z"}
{"level":"info","message":"Client connected: a-F1mvzHR7u5CKY3AAAf","service":"blockchain-upi-backend","timestamp":"2025-09-12T03:54:57.174Z"}
{"level":"info","message":"Client disconnected: a-F1mvzHR7u5CKY3AAAf","service":"blockchain-upi-backend","timestamp":"2025-09-12T03:54:57.436Z"}
{"level":"info","message":"Client connected: i_iaEiLuWp8uxmeZAAAh","service":"blockchain-upi-backend","timestamp":"2025-09-12T03:54:57.447Z"}
{"level":"info","message":"Client disconnected: i_iaEiLuWp8uxmeZAAAh","service":"blockchain-upi-backend","timestamp":"2025-09-12T03:55:06.712Z"}
{"level":"info","message":"Client connected: rD90ZVPHxxwRvllBAAAj","service":"blockchain-upi-backend","timestamp":"2025-09-12T03:55:06.747Z"}
{"level":"info","message":"Client disconnected: rD90ZVPHxxwRvllBAAAj","service":"blockchain-upi-backend","timestamp":"2025-09-12T03:55:07.027Z"}
{"level":"info","message":"Client connected: PTSx-DDXr48CRmnXAAAl","service":"blockchain-upi-backend","timestamp":"2025-09-12T03:55:07.043Z"}
{"level":"info","message":"Client disconnected: PTSx-DDXr48CRmnXAAAl","service":"blockchain-upi-backend","timestamp":"2025-09-12T03:55:49.846Z"}
{"level":"info","message":"Blockchain connection initialized successfully","service":"blockchain-upi-backend","timestamp":"2025-09-18T09:11:33.609Z"}
{"level":"info","message":"Server running on port 5001","service":"blockchain-upi-backend","timestamp":"2025-09-18T09:11:33.622Z"}
{"level":"info","message":"Environment: development","service":"blockchain-upi-backend","timestamp":"2025-09-18T09:11:33.623Z"}
{"level":"info","message":"Client connected: TyixYvISKiW7plVRAAAB","service":"blockchain-upi-backend","timestamp":"2025-09-18T09:12:43.737Z"}
{"level":"info","message":"Client disconnected: TyixYvISKiW7plVRAAAB","service":"blockchain-upi-backend","timestamp":"2025-09-18T09:12:44.303Z"}
{"level":"info","message":"Client connected: Anp8QM7XpKMTPbVHAAAD","service":"blockchain-upi-backend","timestamp":"2025-09-18T09:12:44.311Z"}
{"level":"info","message":"Client disconnected: Anp8QM7XpKMTPbVHAAAD","service":"blockchain-upi-backend","timestamp":"2025-09-18T09:12:44.361Z"}
{"level":"info","message":"Client connected: JJu8t1m11ku0IsjcAAAF","service":"blockchain-upi-backend","timestamp":"2025-09-18T09:12:44.371Z"}
{"level":"info","message":"Client disconnected: JJu8t1m11ku0IsjcAAAF","service":"blockchain-upi-backend","timestamp":"2025-09-18T09:12:55.485Z"}
{"level":"info","message":"Client connected: mpnnk50ttYHMyc68AAAH","service":"blockchain-upi-backend","timestamp":"2025-09-18T09:12:55.498Z"}
{"level":"info","message":"Client disconnected: mpnnk50ttYHMyc68AAAH","service":"blockchain-upi-backend","timestamp":"2025-09-18T09:14:16.607Z"}
{"level":"info","message":"Client connected: yXalf2u1RB73yH_8AAAJ","service":"blockchain-upi-backend","timestamp":"2025-09-18T09:31:47.538Z"}
{"level":"info","message":"Client disconnected: yXalf2u1RB73yH_8AAAJ","service":"blockchain-upi-backend","timestamp":"2025-09-18T09:39:15.856Z"}
{"level":"info","message":"Blockchain connection initialized successfully","service":"blockchain-upi-backend","timestamp":"2025-09-18T09:39:52.433Z"}
{"level":"info","message":"Server running on port 5001","service":"blockchain-upi-backend","timestamp":"2025-09-18T09:39:52.444Z"}
{"level":"info","message":"Environment: development","service":"blockchain-upi-backend","timestamp":"2025-09-18T09:39:52.447Z"}
{"level":"info","message":"Client connected: f80W5eQVep0uvbBaAAAB","service":"blockchain-upi-backend","timestamp":"2025-09-18T09:40:28.731Z"}
{"level":"info","message":"Client disconnected: f80W5eQVep0uvbBaAAAB","service":"blockchain-upi-backend","timestamp":"2025-09-18T09:40:28.759Z"}
{"level":"info","message":"Client connected: VqMCMybA18yaLM43AAAD","service":"blockchain-upi-backend","timestamp":"2025-09-18T09:40:28.782Z"}
{"level":"info","message":"Client disconnected: VqMCMybA18yaLM43AAAD","service":"blockchain-upi-backend","timestamp":"2025-09-18T09:40:29.137Z"}
{"level":"info","message":"Client connected: F1KumC2jeXP9UYyJAAAF","service":"blockchain-upi-backend","timestamp":"2025-09-18T09:40:29.180Z"}
{"level":"info","message":"Client disconnected: F1KumC2jeXP9UYyJAAAF","service":"blockchain-upi-backend","timestamp":"2025-09-18T09:40:29.334Z"}
{"level":"info","message":"Client connected: JvKWlkSTmayeT8xNAAAH","service":"blockchain-upi-backend","timestamp":"2025-09-18T09:40:29.343Z"}
{"level":"info","message":"Validate UPI requested","requestId":"8becd078-fe89-453e-b449-294cab2bc83e","service":"blockchain-upi-backend","timestamp":"2025-09-18T09:41:59.159Z","upiID":"testuser2@bank2"}
{"exists":true,"level":"info","message":"Account existence checked","requestId":"8becd078-fe89-453e-b449-294cab2bc83e","service":"blockchain-upi-backend","timestamp":"2025-09-18T09:41:59.161Z","upiID":"testuser2@bank2"}
{"bankCode":"BANK2","isActive":true,"level":"info","message":"Account details fetched","requestId":"8becd078-fe89-453e-b449-294cab2bc83e","service":"blockchain-upi-backend","timestamp":"2025-09-18T09:41:59.163Z","upiID":"testuser2@bank2"}
{"amount":25,"deviceID":"test002","fromUPIID":"testuser1@bank1","ipAddress":"::1","level":"info","message":"Initiate transfer requested","service":"blockchain-upi-backend","timestamp":"2025-09-18T09:42:09.878Z","toUPIID":"testuser2@bank2"}
{"challengeID":"CHL_1758188529882_9206db506a96","expiresAt":"2025-09-18T09:44:09.882Z","fromUPIID":"testuser1@bank1","level":"info","message":"MFA challenge created","n":2,"service":"blockchain-upi-backend","timestamp":"2025-09-18T09:42:09.882Z","toUPIID":"testuser2@bank2","type":"UPI_ID_LAST_DIGITS"}
{"amount":25,"deviceID":"test002","fromUPIID":"testuser1@bank1","ipAddress":"::1","level":"info","message":"Initiate transfer requested","service":"blockchain-upi-backend","timestamp":"2025-09-18T09:42:27.000Z","toUPIID":"testuser2@bank2"}
{"challengeID":"CHL_1758188547120_b0413beb2813","expiresAt":"2025-09-18T09:44:27.121Z","fromUPIID":"testuser1@bank1","level":"info","message":"MFA challenge created","n":2,"service":"blockchain-upi-backend","timestamp":"2025-09-18T09:42:27.121Z","toUPIID":"testuser2@bank2","type":"AMOUNT_DIGIT_SUM"}
{"level":"info","message":"Client disconnected: JvKWlkSTmayeT8xNAAAH","service":"blockchain-upi-backend","timestamp":"2025-09-18T10:03:00.799Z"}
{"level":"info","message":"Client connected: J8bK4v5WGMUJukWpAAAJ","service":"blockchain-upi-backend","timestamp":"2025-09-18T10:32:42.970Z"}
{"level":"info","message":"Client disconnected: J8bK4v5WGMUJukWpAAAJ","service":"blockchain-upi-backend","timestamp":"2025-09-18T10:32:46.256Z"}
{"level":"info","message":"Client connected: A-MoRI6SLkRCnuEJAAAL","service":"blockchain-upi-backend","timestamp":"2025-09-18T10:59:21.316Z"}
{"level":"info","message":"Client disconnected: A-MoRI6SLkRCnuEJAAAL","service":"blockchain-upi-backend","timestamp":"2025-09-18T10:59:32.588Z"}
{"level":"info","message":"Blockchain connection initialized successfully","service":"blockchain-upi-backend","timestamp":"2025-09-27T06:55:51.017Z"}
{"level":"info","message":"Server running on port 5001","service":"blockchain-upi-backend","timestamp":"2025-09-27T06:55:51.039Z"}
{"level":"info","message":"Environment: development","service":"blockchain-upi-backend","timestamp":"2025-09-27T06:55:51.041Z"}
{"level":"info","message":"Blockchain connection initialized successfully","service":"blockchain-upi-backend","timestamp":"2025-09-27T09:41:25.541Z"}
{"level":"info","message":"Server running on port 5001","service":"blockchain-upi-backend","timestamp":"2025-09-27T09:41:25.888Z"}
{"level":"info","message":"Environment: development","service":"blockchain-upi-backend","timestamp":"2025-09-27T09:41:25.895Z"}
{"level":"info","message":"Client connected: iFh0JQT929rj_92gAAAB","service":"blockchain-upi-backend","timestamp":"2025-09-27T09:43:22.441Z"}
{"level":"info","message":"Client disconnected: iFh0JQT929rj_92gAAAB","service":"blockchain-upi-backend","timestamp":"2025-09-27T09:43:22.628Z"}
{"level":"info","message":"Client connected: oOzcVaMoAfMRH47nAAAD","service":"blockchain-upi-backend","timestamp":"2025-09-27T09:43:22.652Z"}
{"level":"info","message":"Client disconnected: oOzcVaMoAfMRH47nAAAD","service":"blockchain-upi-backend","timestamp":"2025-09-27T09:43:22.892Z"}
{"level":"info","message":"Client connected: sNjYQ_UKdbVuecRsAAAF","service":"blockchain-upi-backend","timestamp":"2025-09-27T09:43:22.911Z"}
{"level":"info","message":"Validate UPI requested","requestId":"359cf810-4e5b-490e-8fba-d019d2e6610a","service":"blockchain-upi-backend","timestamp":"2025-09-27T09:54:38.861Z","upiID":"testuser2@bank2"}
{"exists":true,"level":"info","message":"Account existence checked","requestId":"359cf810-4e5b-490e-8fba-d019d2e6610a","service":"blockchain-upi-backend","timestamp":"2025-09-27T09:54:38.863Z","upiID":"testuser2@bank2"}
{"bankCode":"BANK2","isActive":true,"level":"info","message":"Account details fetched","requestId":"359cf810-4e5b-490e-8fba-d019d2e6610a","service":"blockchain-upi-backend","timestamp":"2025-09-27T09:54:38.864Z","upiID":"testuser2@bank2"}
{"amount":25,"deviceID":"test002","fromUPIID":"testuser1@bank1","ipAddress":"::1","level":"info","message":"Initiate transfer requested","service":"blockchain-upi-backend","timestamp":"2025-09-27T09:54:49.206Z","toUPIID":"testuser2@bank2"}
{"challengeID":"CHL_1758966889209_614511699c36","expiresAt":"2025-09-27T09:56:49.210Z","fromUPIID":"testuser1@bank1","level":"info","message":"MFA challenge created","n":1,"service":"blockchain-upi-backend","timestamp":"2025-09-27T09:54:49.210Z","toUPIID":"testuser2@bank2","type":"RECIPIENT_NAME_PREFIX"}
{"amount":25,"challengeID":"CHL_1758966889209_614511699c36","deviceID":"test002","fromUPIID":"testuser1@bank1","ipAddress":"::1","level":"info","message":"Verify transfer requested","service":"blockchain-upi-backend","timestamp":"2025-09-27T09:55:22.714Z","toUPIID":"testuser2@bank2"}
{"amount":25,"fraudDetected":true,"fromUPIID":"testuser1@bank1","level":"info","message":"Transfer executed","service":"blockchain-upi-backend","status":"FRAUD_DETECTED","timestamp":"2025-09-27T09:55:22.718Z","toUPIID":"testuser2@bank2","transactionID":"TXN_1758966922716_kz2phjmbp"}
{"level":"warn","message":"Transaction blocked due to fraud detection","reason":"Suspicious transaction pattern detected","service":"blockchain-upi-backend","timestamp":"2025-09-27T09:55:22.719Z","transactionID":"TXN_1758966922716_kz2phjmbp"}
{"level":"info","message":"Client disconnected: sNjYQ_UKdbVuecRsAAAF","service":"blockchain-upi-backend","timestamp":"2025-09-27T10:02:00.144Z"}
{"level":"info","message":"Client connected: lE1OJS-L30rn_dHXAAAH","service":"blockchain-upi-backend","timestamp":"2025-09-27T10:15:50.007Z"}
{"level":"info","message":"Client disconnected: lE1OJS-L30rn_dHXAAAH","service":"blockchain-upi-backend","timestamp":"2025-09-27T14:18:52.798Z"}
{"level":"info","message":"Client connected: NU_umOVwvE2RnaLEAAAJ","service":"blockchain-upi-backend","timestamp":"2025-09-27T14:18:53.631Z"}
{"level":"info","message":"Blockchain connection initialized successfully","service":"blockchain-upi-backend","timestamp":"2025-10-14T05:32:24.449Z"}
{"level":"info","message":"Server running on port 5001","service":"blockchain-upi-backend","timestamp":"2025-10-14T05:32:24.485Z"}
{"level":"info","message":"Environment: development","service":"blockchain-upi-backend","timestamp":"2025-10-14T05:32:24.487Z"}
{"level":"info","message":"Client connected: UNUoPNw2Hp79uONcAAAB","service":"blockchain-upi-backend","timestamp":"2025-10-14T05:33:56.973Z"}
{"level":"info","message":"Client disconnected: UNUoPNw2Hp79uONcAAAB","service":"blockchain-upi-backend","timestamp":"2025-10-14T05:33:57.420Z"}
{"level":"info","message":"Client connected: hCDbkxv7V2_JfKhwAAAD","service":"blockchain-upi-backend","timestamp":"2025-10-14T05:33:57.434Z"}
{"level":"info","message":"Client disconnected: hCDbkxv7V2_JfKhwAAAD","service":"blockchain-upi-backend","timestamp":"2025-10-14T05:33:57.684Z"}
{"level":"info","message":"Client connected: SlqOyWNyzPKYDX4YAAAF","service":"blockchain-upi-backend","timestamp":"2025-10-14T05:33:57.695Z"}
{"level":"info","message":"Client disconnected: SlqOyWNyzPKYDX4YAAAF","service":"blockchain-upi-backend","timestamp":"2025-10-14T05:59:15.435Z"}
{"level":"info","message":"Blockchain connection initialized successfully","service":"blockchain-upi-backend","timestamp":"2026-03-22T08:26:54.609Z"}
{"level":"info","message":"Server running on port 5001","service":"blockchain-upi-backend","timestamp":"2026-03-22T08:26:54.627Z"}
{"level":"info","message":"Environment: development","service":"blockchain-upi-backend","timestamp":"2026-03-22T08:26:54.629Z"}
{"level":"info","message":"SIGINT received, shutting down gracefully","service":"blockchain-upi-backend","timestamp":"2026-03-22T08:27:10.191Z"}
{"level":"info","message":"Process terminated","service":"blockchain-upi-backend","timestamp":"2026-03-22T08:27:10.197Z"}
{"level":"info","message":"Blockchain connection initialized successfully","service":"blockchain-upi-backend","timestamp":"2026-03-22T08:27:32.958Z"}
{"level":"info","message":"Server running on port 5001","service":"blockchain-upi-backend","timestamp":"2026-03-22T08:27:32.971Z"}
{"level":"info","message":"Environment: development","service":"blockchain-upi-backend","timestamp":"2026-03-22T08:27:32.974Z"}
{"level":"info","message":"SIGINT received, shutting down gracefully","service":"blockchain-upi-backend","timestamp":"2026-03-22T08:27:56.279Z"}
{"level":"info","message":"Process terminated","service":"blockchain-upi-backend","timestamp":"2026-03-22T08:27:56.291Z"}
{"level":"info","message":"Blockchain connection initialized successfully","service":"blockchain-upi-backend","timestamp":"2026-03-22T08:29:14.427Z"}
{"level":"info","message":"Server running on port 5001","service":"blockchain-upi-backend","timestamp":"2026-03-22T08:29:14.441Z"}
{"level":"info","message":"Environment: development","service":"blockchain-upi-backend","timestamp":"2026-03-22T08:29:14.444Z"}
{"level":"info","message":"Client connected: u_RdzsGPNRStK88mAAAB","service":"blockchain-upi-backend","timestamp":"2026-03-22T08:30:44.001Z"}
{"level":"info","message":"Client disconnected: u_RdzsGPNRStK88mAAAB","service":"blockchain-upi-backend","timestamp":"2026-03-22T08:30:44.336Z"}
{"level":"info","message":"Client connected: Y592D00emg4KT7iEAAAD","service":"blockchain-upi-backend","timestamp":"2026-03-22T08:30:44.354Z"}
{"level":"info","message":"Client disconnected: Y592D00emg4KT7iEAAAD","service":"blockchain-upi-backend","timestamp":"2026-03-22T08:30:44.562Z"}
{"level":"info","message":"Client connected: ezspwPPR9hNdJP1KAAAF","service":"blockchain-upi-backend","timestamp":"2026-03-22T08:30:44.580Z"}
{"level":"info","message":"Client disconnected: ezspwPPR9hNdJP1KAAAF","service":"blockchain-upi-backend","timestamp":"2026-03-22T08:30:54.011Z"}
{"level":"info","message":"Client connected: 1wBBXZ9ohzEP0mSFAAAH","service":"blockchain-upi-backend","timestamp":"2026-03-22T08:32:15.302Z"}
{"level":"info","message":"Client disconnected: 1wBBXZ9ohzEP0mSFAAAH","service":"blockchain-upi-backend","timestamp":"2026-03-22T08:32:15.674Z"}
{"level":"info","message":"Client connected: s9IPdnJa--OM0Wh9AAAJ","service":"blockchain-upi-backend","timestamp":"2026-03-22T08:32:15.691Z"}
{"level":"info","message":"Client disconnected: s9IPdnJa--OM0Wh9AAAJ","service":"blockchain-upi-backend","timestamp":"2026-03-22T08:32:15.920Z"}
{"level":"info","message":"Client connected: HRrrk009fr2wd5bbAAAL","service":"blockchain-upi-backend","timestamp":"2026-03-22T08:32:15.934Z"}
{"level":"info","message":"Client disconnected: HRrrk009fr2wd5bbAAAL","service":"blockchain-upi-backend","timestamp":"2026-03-22T09:25:36.036Z"}
